BOS какая сегодня температура EOS O	B-TemperatureSensor.CommandQuestion O B-TemperatureSensor.DeviceParameterValue TemperatureSensor
BOS сколько сейчас градусов на улице EOS O	B-TemperatureSensor.ParameterValueQuestion O B-TemperatureSensor.DeviceFeature O B-TemperatureSensor.LOC TemperatureSensor
BOS какая сейчас температура EOS O	B-TemperatureSensor.ParameterValueQuestion O B-TemperatureSensor.DeviceParameter TemperatureSensor
BOS сделай потеплее EOS O	B-TemperatureSensor.COMMAND B-TemperatureSensor.IntensityQuantifier TemperatureSensor
BOS очень жарко EOS O	B-TemperatureSensor.IntensityQuantifier O TemperatureSensor
BOS поддерживай температуру в комнате на уровне число EOS O	B-TemperatureSensor.COMMAND B-TemperatureSensor.DeviceFeature O B-TemperatureSensor.LOC O B-TemperatureSensor.DeviceFeature B-TemperatureSensor.DeviceParameterValue TemperatureSensor
BOS какая сейчас температура на улице EOS O	B-TemperatureSensor.DeviceQuestion O B-TemperatureSensor.DeviceFeature O B-TemperatureSensor.LOC TemperatureSensor
BOS держи температуру в комнате на уровне число EOS O	B-TemperatureSensor.COMMAND B-TemperatureSensor.CommandFeature O B-TemperatureSensor.LOC O O B-TemperatureSensor.CommandParameterValue TemperatureSensor
BOS закрой занавески если слишком холодно EOS O	B-TemperatureSensor.COMMAND B-TemperatureSensor.CommandFeature O B-TemperatureSensor.IntensityQuantifier B-TemperatureSensor.CommandFeature TemperatureSensor
BOS если на улице больше количество градуса включи отопление EOS O	O B-TemperatureSensor.LOC I-TemperatureSensor.LOC B-TemperatureSensor.Quantor B-TemperatureSensor.CommandParameterValue B-TemperatureSensor.CommandParameter B-TemperatureSensor.COMMAND B-TemperatureSensor.DEVICE TemperatureSensor
BOS сколько градусов на улице EOS O	B-TemperatureSensor.DeviceQuestion O B-TemperatureSensor.DeviceParameter O TemperatureSensor
BOS установи температура на число а влажность на число EOS O	B-TemperatureSensor.COMMAND B-TemperatureSensor.CommandParameter O B-TemperatureSensor.CommandParameterValue O B-TemperatureSensor.CommandParameter O B-TemperatureSensor.CommandParameterValue TemperatureSensor
BOS установи температуру на число и кислотность на число EOS O	B-TemperatureSensor.COMMAND B-TemperatureSensor.DeviceFeature O B-TemperatureSensor.DeviceParameterValue O B-TemperatureSensor.DeviceFeature O B-TemperatureSensor.DeviceParameterValue TemperatureSensor
BOS поддерживай температуру здесь на уровне число EOS O	B-TemperatureSensor.COMMAND B-TemperatureSensor.DeviceFeature B-TemperatureSensor.LOCCurrent O B-TemperatureSensor.DeviceFeature B-TemperatureSensor.DeviceParameterValue TemperatureSensor
BOS какая сегодня погода EOS O	B-TemperatureSensor.ParameterValueQuestion O B-TemperatureSensor.CommandFeature TemperatureSensor
BOS как сейчас холодно EOS O	O O B-TemperatureSensor.CommandFeature TemperatureSensor
BOS тут слишком прохладно EOS O	B-TemperatureSensor.LOC B-TemperatureSensor.IntensityQuantifier B-TemperatureSensor.CommandFeature TemperatureSensor
BOS если меня нет дома не включай кондиционер EOS O	O B-TemperatureSensor.Actor B-TemperatureSensor.Action B-TemperatureSensor.LOC O B-TemperatureSensor.COMMAND B-TemperatureSensor.DEVICE TemperatureSensor
BOS что здесь так душно EOS O	B-TemperatureSensor.ParameterValueQuestion B-TemperatureSensor.LOCCurrent B-TemperatureSensor.IntensityQuantifier B-TemperatureSensor.CommandFeature TemperatureSensor
BOS мне сейчас так жарко EOS O	B-TemperatureSensor.Actor O B-TemperatureSensor.IntensityQuantifier B-TemperatureSensor.CommandFeature TemperatureSensor
BOS днем включи обогреватель в спальне EOS O	O B-TemperatureSensor.COMMAND B-TemperatureSensor.DEVICE O B-TemperatureSensor.LOC TemperatureSensor
BOS сколько градусов на улице EOS O	O B-TemperatureSensor.ParameterValueQuestion O B-TemperatureSensor.LOC TemperatureSensor
BOS если на улице холодно включи отопление EOS O	O O O B-TemperatureSensor.CommandFeature B-TemperatureSensor.COMMAND B-TemperatureSensor.CommandFeature TemperatureSensor
BOS когда будет готова еда в духовке EOS O	B-SmartOven.CommandQuestion B-SmartOven.FeatureState I-SmartOven.FeatureState B-SmartOven.CommandFeature O B-SmartOven.DEVICE SmartOven
BOS когда будет готова пицца в духовке EOS O	B-SmartOven.CommandQuestion B-SmartOven.FeatureState I-SmartOven.FeatureState B-SmartOven.CommandFeature O B-SmartOven.DEVICE SmartOven
BOS сколько часов стоит суп в духовке EOS O	B-SmartOven.RequestQuestion B-SmartOven.Analytics I-SmartOven.Analytics B-SmartOven.CommandFeature O B-SmartOven.LOC SmartOven
BOS включена ли духовка EOS O	B-SmartOven.DeviceSta`te O B-SmartOven.DEVICE SmartOven
BOS приготовь мясо к нашему ужину EOS O	B-SmartOven.COMMAND B-SmartOven.CommandFeature O B-SmartOven.Actor O SmartOven
BOS в время включи духовой шкаф на кухне на количество градусов EOS O	O O B-SmartOven.COMMAND B-SmartOven.DEVICE I-SmartOven.DEVICE O B-SmartOven.LOC O B-SmartOven.DeviceParameterValue B-SmartOven.DeviceFeature SmartOven
BOS покорми меня EOS O	B-SmartOven.COMMAND B-SmartOven.Actor SmartOven
BOS сколько дней стоит суп в духовке EOS O	B-SmartOven.ParameterValueQuestion O B-SmartOven.CommandFeature I-SmartOven.CommandFeature O B-SmartOven.DEVICE SmartOven
BOS подай печенье на зватрак EOS O	B-SmartOven.COMMAND B-SmartOven.CommandFeature O O SmartOven
BOS приготовь мне какиенибудь овощи EOS O	B-SmartOven.COMMAND B-SmartOven.Actor O B-SmartOven.CommandFeature SmartOven
BOS назови исполнителя самой частотной песни EOS O	B-AudioSystem.Request B-AudioSystem.DeviceFeature B-AudioSystem.IntensityQuantifier B-AudioSystem.Analytics B-AudioSystem.DeviceFeature AudioSystem
BOS сделай громче EOS O	B-AudioSystem.COMMAND B-AudioSystem.IntensityQuantifier AudioSystem
BOS включай аудиосистему если я возвращаюсь домой EOS O	B-AudioSystem.COMMAND B-AudioSystem.DEVICE O O O O AudioSystem
BOS включи стереосистему если я приду домой EOS O	B-AudioSystem.COMMAND B-AudioSystem.DEVICE O O O O AudioSystem
BOS увеличь громкость чтобы не мешал стук EOS O	B-AudioSystem.COMMAND B-AudioSystem.DeviceParameterValue O O O O AudioSystem
BOS добавить песню в мою коллекцию EOS O	B-AudioSystem.COMMAND B-AudioSystem.DeviceParameter O B-AudioSystem.DeviceFeature I-AudioSystem.DeviceFeature AudioSystem
BOS отключи песню если я лягу EOS O	B-AudioSystem.COMMAND B-AudioSystem.CommandFeature O B-AudioSystem.Actor B-AudioSystem.Action AudioSystem
BOS очень тихо EOS O	B-AudioSystem.IntensityQuantifier O AudioSystem
BOS слишком громко EOS O	B-AudioSystem.IntensityQuantifier O AudioSystem
BOS выключи динамики на кухне и отключи в спальне EOS O	B-AudioSystem.COMMAND B-AudioSystem.DeviceFeature O B-AudioSystem.LOC O B-AudioSystem.COMMAND O B-AudioSystem.LOC AudioSystem
BOS пропусти песню EOS O	B-AudioSystem.COMMAND B-AudioSystem.CommandFeature AudioSystem
BOS мой любимый альбом EOS O	B-AudioSystem.DeviceFeature I-AudioSystem.DeviceFeature I-AudioSystem.DeviceFeature AudioSystem
BOS мои любимые песни EOS O	B-AudioSystem.DeviceFeature I-AudioSystem.DeviceFeature I-AudioSystem.DeviceFeature AudioSystem
BOS текст песни EOS O	B-AudioSystem.DeviceFeature I-AudioSystem.DeviceFeature AudioSystem
BOS добавь песню в мою коллекцию EOS O	B-AudioSystem.COMMAND O O B-AudioSystem.CommandFeature I-AudioSystem.CommandFeature AudioSystem
BOS запусти плейлист с танцевальной музыкой EOS O	B-AudioSystem.COMMAND O O B-AudioSystem.CommandFeature I-AudioSystem.CommandFeature AudioSystem
BOS ставь стереосистему если я приду домой EOS O	B-AudioSystem.COMMAND B-AudioSystem.DEVICE O B-AudioSystem.Actor B-AudioSystem.Action B-AudioSystem.LOC AudioSystem
BOS отключи песню когда я засну EOS O	B-AudioSystem.COMMAND B-AudioSystem.CommandFeature O B-AudioSystem.Actor B-AudioSystem.Action AudioSystem
BOS назови самую частую песню EOS O	B-AudioSystem.Request B-AudioSystem.IntensityQuantifier B-AudioSystem.Analytics B-AudioSystem.CommandFeature AudioSystem
BOS добавь мелодию в мою коллекцию EOS O	B-AudioSystem.COMMAND B-AudioSystem.CommandFeature O B-AudioSystem.Actor B-AudioSystem.DeviceFeature AudioSystem
BOS увеличь частоту чтобы не мешал шум EOS O	B-AudioSystem.COMMAND B-AudioSystem.CommandFeature O O O I-AudioSystem.CommandFeature AudioSystem
BOS включи музыку в 5 вечера EOS O	B-AudioSystem.COMMAND B-AudioSystem.CommandFeature O O O AudioSystem
BOS увеличь звук на три пункта EOS O	B-AudioSystem.COMMAND B-AudioSystem.CommandFeature O B-AudioSystem.DeviceParameterValue B-AudioSystem.DeviceFeature AudioSystem
BOS выключи динамики на кухне и включи их в спальне EOS O	B-AudioSystem.COMMAND B-AudioSystem.CommandFeature B-AudioSystem.LOC I-AudioSystem.LOC O B-AudioSystem.COMMAND O B-AudioSystem.LOC I-AudioSystem.LOC AudioSystem
BOS отключу музыку когда я усну EOS O	B-AudioSystem.COMMAND B-AudioSystem.CommandFeature O B-AudioSystem.Actor B-AudioSystem.Action AudioSystem
BOS если я засну разбуди меня в число EOS O	O B-AudioSystem.Actor B-AudioSystem.Action B-AudioSystem.COMMAND O O B-AudioSystem.DeviceParameterValue AudioSystem
BOS включай музыку когда я просыпаюсь EOS O	B-AudioSystem.COMMAND B-AudioSystem.CommandFeature O B-AudioSystem.Actor B-AudioSystem.Action AudioSystem
BOS включи аудиосистему если я приду домой EOS O	B-AudioSystem.COMMAND B-AudioSystem.DEVICE O B-AudioSystem.Actor B-AudioSystem.Action B-AudioSystem.LOC AudioSystem
BOS увеличь частоту чтобы не мешал шум EOS O	B-AudioSystem.COMMAND B-AudioSystem.CommandFeature O O O I-AudioSystem.CommandFeature AudioSystem
BOS увеличь громкость на 4 пункта EOS O	B-AudioSystem.COMMAND B-AudioSystem.CommandFeature B-AudioSystem.FeatureStateValue I-AudioSystem.FeatureStateValue I-AudioSystem.FeatureStateValue AudioSystem
BOS прочитай передачи тогда я засну EOS O	B-AudioSystem.COMMAND B-AudioSystem.CommandFeature O B-AudioSystem.Actor B-AudioSystem.Action AudioSystem
BOS прочитай передачи если я засну EOS O	B-AudioSystem.COMMAND B-AudioSystem.CommandFeature O B-AudioSystem.Actor B-AudioSystem.Action AudioSystem
BOS добавляй песню в мою коллекцию EOS O	B-AudioSystem.COMMAND B-AudioSystem.CommandFeature O O I-AudioSystem.CommandFeature AudioSystem
BOS увеличьте громкость чтобы не мешал стук EOS O	B-AudioSystem.COMMAND B-AudioSystem.CommandFeature O O O O AudioSystem
BOS корми кота шесть раз в день EOS O	B-SmartFeeder.COMMAND B-SmartFeeder.CommandFeature O O O O SmartFeeder
BOS корми пса четыре раза в день EOS O	B-SmartFeeder.COMMAND B-SmartFeeder.CommandFeature O O O O SmartFeeder
BOS корми пса три раза в день EOS O	B-SmartFeeder.COMMAND O O O O O SmartFeeder
BOS кот давненько не ел покорми его EOS O	O O O O B-SmartFeeder.COMMAND O SmartFeeder
BOS если песик давно не ел покорми его EOS O	O B-SmartFeeder.CommandFeature B-SmartFeeder.FeatureState I-SmartFeeder.FeatureState I-SmartFeeder.FeatureState B-SmartFeeder.COMMAND O SmartFeeder
BOS eсли на улице холодно включи обогреватель EOS O	O O O O B-HeaterController.COMMAND B-HeaterController.DEVICE HeaterController
BOS включай отопление в спальне EOS O	B-HeaterController.COMMAND B-HeaterController.DeviceFeature O B-HeaterController.LOC HeaterController
BOS включай отопление в комнате EOS O	B-HeaterController.COMMAND B-HeaterController.DeviceFeature O B-HeaterController.LOC HeaterController
BOS сделай похолоднее EOS O	B-HeaterController.COMMAND O HeaterController
BOS сделай теплее во всех комнатах EOS O	B-HeaterController.COMMAND B-HeaterController.CommandFeature O B-HeaterController.Quantor B-HeaterController.LOC HeaterController
BOS в 8 часов включи обогреватель в ванной на 23 градуса EOS O	O O O B-HeaterController.COMMAND B-HeaterController.DEVICE O B-HeaterController.LOC O B-HeaterController.DeviceParameterValue B-HeaterController.DeviceParameter HeaterController
BOS в 5 часов включи обогреватель на кухне EOS O	O O O B-HeaterController.COMMAND B-HeaterController.DEVICE O B-HeaterController.LOC HeaterController
BOS разумеется совсем холодно EOS O	O B-HeaterController.IntensityQuantifier B-HeaterController.CommandFeature HeaterController
BOS установить температуру на 23 градуса EOS O	B-HeaterController.COMMAND B-HeaterController.DeviceParameter O B-HeaterController.DeviceParameterValue I-HeaterController.DeviceParameterValue HeaterController
BOS eсли уровень влажности в комнате меньше n то включи увлажнитель EOS O	O O B-HumiditySensor.DeviceFeature O B-HumiditySensor.LOC B-HumiditySensor.IntensityQuantifier B-HumiditySensor.DeviceParameterValue O B-HumiditySensor.COMMAND B-HumiditySensor.DEVICE HumiditySensor
BOS включи датчик влажности когда я приду домой EOS O	B-HumiditySensor.COMMAND B-HumiditySensor.DEVICE I-HumiditySensor.DEVICE O O O O HumiditySensor
BOS поддерживай влажность в комнате на уровне 60 EOS O	B-HumiditySensor.COMMAND B-HumiditySensor.CommandFeature O B-HumiditySensor.LOC O O B-HumiditySensor.DeviceParameterValue HumiditySensor
BOS закрыть окно если начался дождь EOS O	B-HumiditySensor.COMMAND B-HumiditySensor.DeviceFeature O O O HumiditySensor
BOS если будет холодно закрой окно EOS O	O O O B-WindowRelay.COMMAND B-WindowRelay.DeviceFeature WindowRelay
BOS в комнате душно проветри EOS O	O B-WindowRelay.LOCCurrent O B-WindowRelay.COMMAND WindowRelay
BOS если станет холодно то закрой окно EOS O	O O O O B-WindowRelay.COMMAND B-WindowRelay.CommandFeature WindowRelay
BOS открой окно на кухне на 30 градусов EOS O	B-WindowRelay.COMMAND B-WindowRelay.DeviceFeature O B-WindowRelay.LOC O B-WindowRelay.CommandParameterValue B-WindowRelay.CommandParameter WindowRelay
BOS если на улице жарко открой окно EOS O	O O O O B-WindowRelay.COMMAND B-WindowRelay.CommandFeature WindowRelay
BOS закрой шторы если слишком светло EOS O	B-WindowRelay.COMMAND B-WindowRelay.CommandFeature O O O WindowRelay
BOS проветрите сейчас пока я буду на кухне EOS O	B-WindowRelay.COMMAND O O B-WindowRelay.Actor B-WindowRelay.Action O B-WindowRelay.LOC WindowRelay
BOS проветри там EOS O	B-WindowRelay.COMMAND B-WindowRelay.LOC WindowRelay
BOS проветрите здесь пока я буду в комнате EOS O	B-WindowRelay.COMMAND B-WindowRelay.LOCCurrent O B-WindowRelay.Actor B-WindowRelay.Action O B-WindowRelay.LOC WindowRelay
BOS проветри здесь пока я буду в ванной EOS O	B-WindowRelay.COMMAND B-WindowRelay.LOCCurrent O B-WindowRelay.Actor B-WindowRelay.Action O B-WindowRelay.LOC WindowRelay
BOS если будет холодно закрой окно EOS O	O O B-WindowRelay.CommandFeature B-WindowRelay.COMMAND B-WindowRelay.CommandFeature WindowRelay
BOS ежели будет жарко закрой окно EOS O	O O B-WindowRelay.CommandFeature B-WindowRelay.COMMAND B-WindowRelay.CommandFeature WindowRelay
BOS приготовь хлеб к нашему ужину EOS O	B-SmartBreadMaker.COMMAND B-SmartBreadMaker.CommandFeature O O O SmartBreadMaker
BOS включи готовку в 8 вечера EOS O	B-SmartBreadMaker.COMMAND B-SmartBreadMaker.CommandFeature O O O SmartBreadMaker
BOS приготовь хлеб EOS O	B-SmartBreadMaker.COMMAND B-SmartBreadMaker.CommandFeature SmartBreadMaker
BOS приготовь хлеб к моему приходу EOS O	B-SmartBreadMaker.COMMAND B-SmartBreadMaker.CommandFeature O B-SmartBreadMaker.Actor B-SmartBreadMaker.Action SmartBreadMaker
BOS откроешь жалюзи если слишком темно EOS O	B-CurtainsRelay.COMMAND B-CurtainsRelay.DeviceFeature O O O CurtainsRelay
BOS если за окном солнце закрой занавески EOS O	O O O O O O CurtainsRelay
BOS когда последний раз опускали занавески EOS O	B-CurtainsRelay.RequestQuestion B-CurtainsRelay.Analytics I-CurtainsRelay.Analytics B-CurtainsRelay.FeatureState B-CurtainsRelay.DeviceFeature CurtainsRelay
BOS откроешь занавески если слишком темно EOS O	B-CurtainsRelay.COMMAND B-CurtainsRelay.CommandFeature O B-CurtainsRelay.IntensityQuantifier B-CurtainsRelay.CommandFeature CurtainsRelay
BOS если за окном солнце открой занавески EOS O	O O B-CurtainsRelay.LOC O B-CurtainsRelay.COMMAND B-CurtainsRelay.CommandFeature CurtainsRelay
BOS если за окном солнце открой шторы EOS O	O O B-CurtainsRelay.LOC O B-CurtainsRelay.COMMAND B-CurtainsRelay.CommandFeature CurtainsRelay
BOS открой жалюзи если слишком темно EOS O	B-CurtainsRelay.COMMAND O O B-CurtainsRelay.IntensityQuantifier B-CurtainsRelay.CommandFeature CurtainsRelay
BOS закрой шторы в 9 вечера EOS O	B-CurtainsRelay.COMMAND B-CurtainsRelay.CommandFeature O O O CurtainsRelay
BOS допустим за окном небо закрой шторы EOS O	O O B-CurtainsRelay.LOC O B-CurtainsRelay.COMMAND B-CurtainsRelay.CommandFeature CurtainsRelay
BOS ставь каждый день будильник на время EOS O	B-AlarmClock.COMMAND O O B-AlarmClock.DEVICE O B-AlarmClock.DeviceParameterValue AlarmClock
BOS поменяй каждый вечер будильник на время EOS O	B-AlarmClock.COMMAND O O B-AlarmClock.DEVICE O B-AlarmClock.DeviceParameterValue AlarmClock
BOS ставь каждый раз будильник на время EOS O	B-AlarmClock.COMMAND O O B-AlarmClock.DEVICE O B-AlarmClock.DeviceParameter AlarmClock
BOS время EOS O	B-AlarmClock.DeviceFeature AlarmClock
BOS ослабь свет и включи успокаивающую песню EOS O	B-LightSensor.COMMAND B-LightSensor.DeviceFeature O O O O LightSensor
BOS выключай свет если я ухожу из прихожей EOS O	B-LightSensor.COMMAND B-LightSensor.CommandFeature O O O O O LightSensor
BOS гаси свет в комнате EOS O	B-LightSensor.COMMAND B-LightSensor.CommandFeature O B-LightSensor.LOC LightSensor
BOS eсли на улице светло выключи лампу EOS O	O O O O B-LightSensor.COMMAND B-LightSensor.DEVICE LightSensor
BOS выключай свет вдруг я выйду из комнаты EOS O	B-LightSensor.COMMAND B-LightSensor.DeviceFeature O O O O O LightSensor
BOS если за дверью рассвет открой шторы EOS O	O B-LightSensor.LOC I-LightSensor.LOC B-LightSensor.CommandFeature B-LightSensor.COMMAND B-LightSensor.CommandFeature LightSensor
BOS освети комнату EOS O	B-LightSensor.COMMAND B-LightSensor.LOC LightSensor
BOS выключай свет когда я иду из спальни EOS O	B-LightSensor.COMMAND B-LightSensor.CommandFeature O B-LightSensor.Actor B-LightSensor.Action O B-LightSensor.LOC LightSensor
BOS выключай свет при моем уходе из комнаты EOS O	B-LightSensor.COMMAND B-LightSensor.CommandFeature O B-LightSensor.Actor B-LightSensor.Action O B-LightSensor.LOC LightSensor
BOS выключай свет если я ухожу из комнаты EOS O	B-LightSensor.COMMAND B-LightSensor.CommandFeature O B-LightSensor.Actor B-LightSensor.Action O B-LightSensor.LOC LightSensor
BOS выключай свет если я ухожу из спальни EOS O	B-LightSensor.COMMAND B-LightSensor.CommandFeature O B-LightSensor.Actor B-LightSensor.Action O B-LightSensor.LOC LightSensor
BOS выключай свет после моего ухода из спальни EOS O	B-LightSensor.COMMAND B-LightSensor.CommandFeature O B-LightSensor.Actor B-LightSensor.Action B-LightSensor.LOC I-LightSensor.LOC LightSensor
BOS выключай свет когда я выхожу из спальной EOS O	B-LightSensor.COMMAND B-LightSensor.CommandFeature O B-LightSensor.Actor B-LightSensor.Action O B-LightSensor.LOC LightSensor
BOS если за окном солнце открой шторы EOS O	O B-LightSensor.LOC I-LightSensor.LOC B-LightSensor.CommandFeature B-LightSensor.COMMAND B-LightSensor.CommandFeature LightSensor
BOS откроешь занавески если совсем темно EOS O	B-LightSensor.COMMAND B-LightSensor.CommandFeature O B-LightSensor.IntensityQuantifier B-LightSensor.CommandFeature LightSensor
BOS выключай свет когда я ухожу из комнат EOS O	B-LightSensor.COMMAND B-LightSensor.CommandFeature O B-LightSensor.Actor B-LightSensor.Action O B-LightSensor.LOC LightSensor
BOS выключай свет если я выхожу из комнат EOS O	B-LightSensor.COMMAND B-LightSensor.CommandFeature O B-LightSensor.Actor B-LightSensor.Action O B-LightSensor.LOC LightSensor
BOS прикрой шторы если слишком светло EOS O	B-LightSensor.COMMAND B-LightSensor.CommandFeature B-LightSensor.LOC B-LightSensor.IntensityQuantifier B-LightSensor.CommandFeature LightSensor
BOS выключай свет когда я выйду из спальной EOS O	B-LightSensor.COMMAND B-LightSensor.CommandFeature O B-LightSensor.Actor B-LightSensor.Action O B-LightSensor.LOC LightSensor
BOS включай свет когда я захожу в гостинную EOS O	B-LightSensor.COMMAND B-LightSensor.CommandFeature O B-LightSensor.Actor B-LightSensor.Action O B-LightSensor.LOC LightSensor
BOS ежели за окном солнце открой шторы EOS O	O B-LightSensor.LOC I-LightSensor.LOC B-LightSensor.CommandFeature B-LightSensor.COMMAND B-LightSensor.CommandFeature LightSensor
BOS откроешь шторы если слишком темно EOS O	B-LightSensor.COMMAND B-LightSensor.CommandFeature B-LightSensor.LOC B-LightSensor.IntensityQuantifier B-LightSensor.CommandFeature LightSensor
BOS включай свет когда я захожу в гостиную EOS O	B-LightSensor.COMMAND B-LightSensor.CommandFeature O B-LightSensor.Actor B-LightSensor.Action O B-LightSensor.LOC LightSensor
BOS гаси свет если меня нет в спальне EOS O	B-LightSensor.COMMAND B-LightSensor.CommandFeature O B-LightSensor.Actor B-LightSensor.Action O B-LightSensor.LOC LightSensor
BOS включай свет опять я зашёл в спальню EOS O	B-LightSensor.COMMAND B-LightSensor.CommandFeature O B-LightSensor.Actor B-LightSensor.Action O B-LightSensor.LOC LightSensor
BOS какие двери в доме открыты EOS O	B-DoorWindowStatusSensor.RequestQuestion B-DoorWindowStatusSensor.DeviceFeature O B-DoorWindowStatusSensor.LOC B-DoorWindowStatusSensor.FeatureState DoorWindowStatusSensor
BOS проверь двери в доме EOS O	B-DoorWindowStatusSensor.COMMAND B-DoorWindowStatusSensor.DeviceFeature O B-DoorWindowStatusSensor.LOC DoorWindowStatusSensor
BOS проветри там EOS O	B-DoorWindowStatusSensor.COMMAND B-DoorWindowStatusSensor.LOCCurrent DoorWindowStatusSensor
BOS если будет жарко значит открой окно EOS O	O O B-DoorWindowStatusSensor.CommandFeature O B-DoorWindowStatusSensor.COMMAND B-DoorWindowStatusSensor.CommandFeature DoorWindowStatusSensor
BOS открой все двери в доме EOS O	B-DoorWindowStatusSensor.COMMAND B-DoorWindowStatusSensor.Quantor B-DoorWindowStatusSensor.CommandFeature O B-DoorWindowStatusSensor.LOC DoorWindowStatusSensor
BOS какие из дверей в домике сейчас открыты EOS O	B-DoorWindowStatusSensor.DeviceQuestion O B-DoorWindowStatusSensor.DeviceFeature O B-DoorWindowStatusSensor.LOC O B-DoorWindowStatusSensor.FeatureState DoorWindowStatusSensor
BOS проветри все комнаты EOS O	B-DoorWindowStatusSensor.COMMAND B-DoorWindowStatusSensor.Quantor B-DoorWindowStatusSensor.LOC DoorWindowStatusSensor
BOS закрой окно если сильный ветер на улице EOS O	B-DoorWindowStatusSensor.COMMAND B-DoorWindowStatusSensor.CommandFeature O B-DoorWindowStatusSensor.IntensityQuantifier B-DoorWindowStatusSensor.CommandFeature O B-DoorWindowStatusSensor.LOC DoorWindowStatusSensor
BOS если кот уже поел выпусти его EOS O	O B-DoorWindowStatusSensor.CommandFeature O B-DoorWindowStatusSensor.FeatureState B-DoorWindowStatusSensor.COMMAND O DoorWindowStatusSensor
BOS если становится жарко закрой дверь EOS O	O O B-DoorWindowStatusSensor.CommandFeature B-DoorWindowStatusSensor.COMMAND B-DoorWindowStatusSensor.CommandFeature DoorWindowStatusSensor
BOS меняй каждый день фонарик на время EOS O	B-Lamp.COMMAND O O B-Lamp.DeviceFeature O B-Lamp.CommandParameterValue Lamp
BOS гаси свет в спальне если никого нет EOS O	B-Lamp.COMMAND B-Lamp.DeviceFeature O O O O O Lamp
BOS выключи свет в ванной EOS O	B-Lamp.COMMAND B-Lamp.DeviceFeature O B-Lamp.LOC Lamp
BOS выключи свет EOS O	B-Lamp.COMMAND B-Lamp.DeviceFeature Lamp
BOS включай свет когда я захожу в спальню EOS O	B-Lamp.COMMAND B-Lamp.CommandFeature O B-Lamp.Actor B-Lamp.Action O B-Lamp.LOC Lamp
BOS включай свет когда я прихожу домой EOS O	B-Lamp.COMMAND B-Lamp.CommandFeature O B-Lamp.Actor B-Lamp.Action O Lamp
BOS выключай свет когда я иду из санузла EOS O	B-Lamp.COMMAND B-Lamp.CommandFeature O B-Lamp.Actor B-Lamp.Action O B-Lamp.LOC Lamp
BOS ослабь свет и включи успокаивающую музыку EOS O	B-Lamp.COMMAND B-Lamp.CommandFeature O O O O Lamp
BOS приглуши свет или включи расслабляющую музыку EOS O	B-Lamp.COMMAND B-Lamp.CommandFeature O O O O Lamp
BOS выключай свет когда меня нет в комнате EOS O	B-Lamp.COMMAND B-Lamp.CommandFeature O B-Lamp.Actor B-Lamp.Action B-Lamp.LOC O Lamp
BOS включи электричество в спальне EOS O	B-Lamp.COMMAND B-Lamp.CommandFeature O B-Lamp.LOC Lamp
BOS включай свет когда я захожу в гостиную EOS O	B-Lamp.COMMAND B-Lamp.CommandFeature O B-Lamp.Actor B-Lamp.Action O B-Lamp.LOC Lamp
BOS eсли вода в чайнике остыла разогрей EOS O	O B-SmartKettle.CommandFeature O B-SmartKettle.DEVICE B-SmartKettle.FeatureState B-SmartKettle.COMMAND SmartKettle
BOS приготовь чай EOS O	B-SmartKettle.COMMAND B-SmartKettle.CommandFeature SmartKettle
BOS когда я зайду сделай чай EOS O	O B-SmartKettle.Actor B-SmartKettle.Action B-SmartKettle.COMMAND B-SmartKettle.CommandFeature SmartKettle
BOS когда я зайду завари чай EOS O	O B-SmartKettle.Actor B-SmartKettle.Action B-SmartKettle.COMMAND B-SmartKettle.CommandFeature SmartKettle
BOS когда я вернусь приготовь чай EOS O	O B-SmartKettle.Actor B-SmartKettle.Action B-SmartKettle.COMMAND B-SmartKettle.CommandFeature SmartKettle
BOS в машинке шелковое белье подбери режим и запусти стирку EOS O	O B-WashingMachine.DEVICE B-WashingMachine.CommandParameterValue B-WashingMachine.CommandFeature O B-WashingMachine.CommandParameter O B-WashingMachine.COMMAND B-WashingMachine.CommandFeature WashingMachine
BOS поставь в расписание стирку на 6 утра EOS O	B-WashingMachine.COMMAND O O B-WashingMachine.CommandFeature O O O WashingMachine
BOS включай стиральную машину в 2305 каждое четное число месяца EOS O	B-WashingMachine.COMMAND B-WashingMachine.DEVICE I-WashingMachine.DEVICE O O O O O O WashingMachine
BOS запусти стирку для цветного EOS O	B-WashingMachine.COMMAND B-WashingMachine.CommandFeature O B-WashingMachine.DeviceParameterValue WashingMachine
BOS когда следуюущий технологический осмотр EOS O	B-WashingMachine.ParameterValueQuestion O B-WashingMachine.CommandFeature I-WashingMachine.CommandFeature WashingMachine
BOS постирай на 90 градусах EOS O	B-WashingMachine.COMMAND O B-WashingMachine.DeviceParameterValue B-WashingMachine.DeviceParameter WashingMachine
BOS сколько раз за неделю я стирал EOS O	B-WashingMachine.ParameterValueQuestion O O O B-WashingMachine.Actor B-WashingMachine.Action WashingMachine
BOS доложи о соcтоянии одежды EOS O	O O B-WashingMachine.CommandState B-WashingMachine.CommandFeature WashingMachine
BOS пропылесось здесь пока я буду на кухне EOS O	B-SmartVacuumCleaner.COMMAND B-SmartVacuumCleaner.LOCCurrent O O O O O SmartVacuumCleaner
BOS пропылесось здесь пока я буду в ванной EOS O	B-SmartVacuumCleaner.COMMAND B-SmartVacuumCleaner.LOCCurrent O O O O O SmartVacuumCleaner
BOS дата прошлой уборки EOS O	B-SmartVacuumCleaner.DeviceFeature I-SmartVacuumCleaner.DeviceFeature I-SmartVacuumCleaner.DeviceFeature SmartVacuumCleaner
BOS подмети там пока я буду на кухне EOS O	B-SmartVacuumCleaner.COMMAND B-SmartVacuumCleaner.LOC O B-SmartVacuumCleaner.Actor B-SmartVacuumCleaner.Action O B-SmartVacuumCleaner.LOC SmartVacuumCleaner
BOS пропылесось здесь пока я буду в комнате EOS O	B-SmartVacuumCleaner.COMMAND B-SmartVacuumCleaner.LOCCurrent O B-SmartVacuumCleaner.Actor B-SmartVacuumCleaner.Action O B-SmartVacuumCleaner.LOC SmartVacuumCleaner
BOS если меня нет дома не мой пол EOS O	O B-SmartVacuumCleaner.Actor B-SmartVacuumCleaner.Action B-SmartVacuumCleaner.LOC O B-SmartVacuumCleaner.COMMAND B-SmartVacuumCleaner.CommandFeature SmartVacuumCleaner
BOS подмети здесь пока я буду на кухне EOS O	B-SmartVacuumCleaner.COMMAND B-SmartVacuumCleaner.LOCCurrent O B-SmartVacuumCleaner.Actor B-SmartVacuumCleaner.Action O B-SmartVacuumCleaner.LOC SmartVacuumCleaner
BOS запомни передачу если я лягу EOS O	B-TVSet.COMMAND B-TVSet.DeviceFeature O B-TVSet.Actor B-TVSet.Action TVSet
BOS запиши передачу если я засну EOS O	B-TVSet.COMMAND B-TVSet.Devicefeature O B-TVSet.Actor B-TVSet.Action TVSet
BOS где пульт от телевизора EOS O	B-TVSet.DeviceQuestion B-TVSet.DeviceFeature O B-TVSet.DEVICE TVSet
BOS включай информационноразвлекательную когда я приду домой EOS O	B-TVSet.COMMAND B-TVSet.DeviceFeature O O O O TVSet
BOS пульт EOS O	B-TVSet.DeviceFeature TVSet
BOS включи программу по телевизору EOS O	B-TVSet.COMMAND B-TVSet.CommandFeature O B-TVSet.DEVICE TVSet
BOS выключи информационноразвлекательную программу если я прихожу домой EOS O	B-TVSet.COMMAND B-TVSet.DeviceFeature I-TVSet.DeviceFeature B-TVSet.Actor B-TVSet.Action B-TVSet.LOC O TVSet
BOS делай чуть тише EOS O	B-TVSet.COMMAND B-TVSet.IntensityQuantifier B-TVSet.CommandFeature TVSet
BOS запиши передачи если я усну EOS O	B-TVSet.COMMAND B-TVSet.CommandFeature O B-TVSet.Actor B-TVSet.Action TVSet
BOS проверь датчик движения за сегодня EOS O	B-MotionSensor.Analytics B-MotionSensor.DEVICE I-MotionSensor.DEVICE O B-MotionSensor.Duration MotionSensor
BOS предупреди если автомобиль сзади меня придется очень вплотную EOS O	B-MotionSensor.COMMAND O O O O O O O MotionSensor
BOS сообщи был ли ктото дома сегодня EOS O	B-MotionSensor.COMMAND B-MotionSensor.Action O B-MotionSensor.Actor B-MotionSensor.LOC O MotionSensor
BOS кто брал твою машину EOS O	B-MotionSensor.ParameterValueQuestion B-MotionSensor.Action O B-MotionSensor.CommandFeature MotionSensor
BOS ктонибудь был дома сегодня днем EOS O	B-MotionSensor.Actor B-MotionSensor.Action B-MotionSensor.LOC O O MotionSensor
BOS предупреди когда грузовик сзади меня будет вплотную EOS O	B-MotionSensor.COMMAND O B-MotionSensor.CommandFeature B-MotionSensor.LOC I-MotionSensor.LOC B-MotionSensor.FeatureState B-MotionSensor.IntensityQuantifier MotionSensor
BOS снимай парктроник когда я иду домой EOS O	B-MotionSensor.COMMAND B-MotionSensor.CommandFeature O B-MotionSensor.Actor B-MotionSensor.Action O MotionSensor
BOS ктото остался дома сегодня днем EOS O	B-MotionSensor.Actor B-MotionSensor.Action B-MotionSensor.LOC O O MotionSensor
BOS как доехать до больницы EOS O	B-Phone.RequestQuestion B-Phone.Action O B-Phone.LOC Phone
BOS выведи статистику прослушиваний на мобильник EOS O	B-Phone.COMMAND B-Phone.CommandFeature I-Phone.CommandFeature O B-Phone.DEVICE Phone
BOS сколько мяса осталось EOS O	B-SmartFridge.RequestQuestion B-SmartFridge.CommandFeature B-SmartFridge.Analytics SmartFridge
BOS проверь наличие еды в холодильнике EOS O	B-SmartFridge.Request B-SmartFridge.FeatureState B-SmartFridge.CommandFeature O B-SmartFridge.LOC SmartFridge
BOS сообщи какие фрукты в холодильнике EOS O	B-SmartFridge.COMMAND B-SmartFridge.CommandQuestion B-SmartFridge.CommandFeature O B-SmartFridge.DEVICE SmartFridge
BOS когда я вернусь начни охлаждать сок EOS O	O B-SmartFridge.Actor B-SmartFridge.Action B-SmartFridge.COMMAND I-SmartFridge.COMMAND B-SmartFridge.CommandFeature SmartFridge
BOS что из пищи осталось EOS O	B-SmartFridge.ParameterValueQuestion O B-SmartFridge.CommandFeature B-SmartFridge.FeatureState SmartFridge
BOS нужно ли покупать продукты EOS O	B-SmartFridge.ParameterValueQuestion O B-SmartFridge.Action B-SmartFridge.CommandFeature SmartFridge
BOS у нас найдутся какиенибудь овощи EOS O	O O B-SmartFridge.CommandFeature O I-SmartFridge.CommandFeature SmartFridge
BOS какие у нас есть орехи EOS O	B-SmartFridge.ParameterValueQuestion O O B-SmartFridge.CommandFeature I-SmartFridge.CommandFeature SmartFridge
BOS когда я поеду сделай кофе EOS O	O O O B-CoffeeMachine.COMMAND B-CoffeeMachine.CommandFeature CoffeeMachine
BOS проверь состояние кофеварки EOS O	B-CoffeeMachine.Request I-CoffeeMachine.Request B-CoffeeMachine.DEVICE CoffeeMachine
BOS сколько кофе осталось EOS O	B-CoffeeMachine.RequestQuestion B-CoffeeMachine.DeviceFeature B-CoffeeMachine.Analytics CoffeeMachine
BOS какая кофемашина стоит в комнате EOS O	B-CoffeeMachine.CommandQuestion B-CoffeeMachine.DEVICE O O B-CoffeeMachine.LOC CoffeeMachine
BOS подогрей кофе завтра к полуночи EOS O	B-CoffeeMachine.COMMAND B-CoffeeMachine.CommandFeature O O O CoffeeMachine
BOS когда я зайду сделай кофе EOS O	O B-CoffeeMachine.Actor B-CoffeeMachine.Action B-CoffeeMachine.COMMAND B-CoffeeMachine.CommandFeature CoffeeMachine
BOS каждый день проверяй кофеварку в доме EOS O	O O B-CoffeeMachine.COMMAND B-CoffeeMachine.DEVICE O B-CoffeeMachine.LOC CoffeeMachine
BOS почем в этом году я заплатил за свет EOS O	B-SmartElectricityMeter.RAnalytics O B-SmartElectricityMeter.Duration I-SmartElectricityMeter.Duration B-SmartElectricityMeter.Actor B-SmartElectricityMeter.Action O B-SmartElectricityMeter.CommandFeature SmartElectricityMeter
BOS выключай электричество в комнате EOS O	B-SmartElectricityMeter.COMMAND B-SmartElectricityMeter.CommandFeature O B-SmartElectricityMeter.LOC SmartElectricityMeter
BOS сколько в прошлом месяце было за электричество EOS O	B-SmartElectricityMeter.ParameterValueQuestion O B-SmartElectricityMeter.Duration I-SmartElectricityMeter.Duration B-SmartElectricityMeter.Action O B-SmartElectricityMeter.ParameterFeature SmartElectricityMeter
BOS сколько в этом месяце уплачено за электричество EOS O	B-SmartElectricityMeter.ParameterValueQuestion O B-SmartElectricityMeter.Duration I-SmartElectricityMeter.Duration B-SmartElectricityMeter.Action O B-SmartElectricityMeter.ParameterFeature SmartElectricityMeter
BOS выключи электричество в спальне EOS O	B-SmartElectricityMeter.COMMAND B-SmartElectricityMeter.CommandFeature O B-SmartElectricityMeter.LOC SmartElectricityMeter
BOS включай электричество в комнате EOS O	B-SmartElectricityMeter.COMMAND B-SmartElectricityMeter.CommandFeature O B-SmartElectricityMeter.LOC SmartElectricityMeter
BOS выключи электричество в ванной EOS O	B-SmartElectricityMeter.COMMAND B-SmartElectricityMeter.CommandFeature O B-SmartElectricityMeter.LOC SmartElectricityMeter
BOS сколько в этом месяце было за электричество EOS O	B-SmartElectricityMeter.ParameterValueQuestion O O O O O B-SmartElectricityMeter.CommandFeature SmartElectricityMeter
BOS выключай свет когда я выйду из комнаты EOS O	B-SmartElectricityMeter.COMMAND B-SmartElectricityMeter.CommandFeature O B-SmartElectricityMeter.Actor B-SmartElectricityMeter.Action O B-SmartElectricityMeter.LOC SmartElectricityMeter
BOS выключи водопровод в комнате EOS O	B-WaterTapRelay.COMMAND B-WaterTapRelay.CommandFeature O B-WaterTapRelay.LOC WaterTapRelay
BOS температура воды EOS O	B-WaterTapRelay.DeviceFeature I-WaterTapRelay.DeviceFeature WaterTapRelay
BOS я хочу принять ванну EOS O	B-WaterTapRelay.Actor B-WaterTapRelay.Action I-WaterTapRelay.Action B-WaterTapRelay.CommandFeature WaterTapRelay
BOS при появлении кота на газоне включи распыление воды 3 раза за раз EOS O	O B-WaterTapRelay.Action B-WaterTapRelay.Actor O B-WaterTapRelay.LOC B-WaterTapRelay.COMMAND B-WaterTapRelay.CommandFeature I-WaterTapRelay.CommandFeature O O O O WaterTapRelay
BOS я собираюсь принять ванну EOS O	O B-WaterTapRelay.Actor B-WaterTapRelay.Action I-WaterTapRelay.Action WaterTapRelay
BOS набери воду в ванну к нашему приходу EOS O	B-WaterTapRelay.COMMAND B-WaterTapRelay.CommandFeature O I-WaterTapRelay.CommandFeature O B-WaterTapRelay.Actor B-WaterTapRelay.Action WaterTapRelay
BOS сделай напор сильнее EOS O	B-WaterTapRelay.COMMAND B-WaterTapRelay.CommandFeature B-WaterTapRelay.Quantifier WaterTapRelay
BOS отключи водопровод в гостинной EOS O	B-WaterTapRelay.COMMAND B-WaterTapRelay.CommandFeature O B-WaterTapRelay.LOC WaterTapRelay
BOS полностью перекрой воду EOS O	B-WaterTapRelay.Quantifier B-WaterTapRelay.COMMAND B-WaterTapRelay.CommandFeature WaterTapRelay
BOS сделай погорячее EOS O	B-WaterTapRelay.COMMAND O WaterTapRelay
BOS помой ягоды и огурцы EOS O	B-WaterTapRelay.COMMAND B-WaterTapRelay.CommandFeature O I-WaterTapRelay.CommandFeature WaterTapRelay
BOS я пытаюсь принять ванную EOS O	B-WaterTapRelay.Actor B-WaterTapRelay.Action I-WaterTapRelay.Action B-WaterTapRelay.CommandFeature WaterTapRelay
BOS утюг разогрей буду гладить нейлон EOS O	B-SmartIron.DEVICE B-SmartIron.COMMAND O O B-SmartIron.DeviceParameterValue SmartIron
BOS включен ли утюг EOS O	B-SmartIron.DeviceState O B-SmartIron.DEVICE SmartIron
BOS включи утюг я хочу погладить шелковую блузку EOS O	B-SmartIron.COMMAND B-SmartIron.DEVICE B-SmartIron.Actor B-SmartIron.Action I-SmartIron.Action B-SmartIron.DeviceParameterValue O SmartIron
BOS если утюг всё еще включен то выключи его EOS O	O B-SmartIron.DEVICE O O B-SmartIron.DeviceState O B-SmartIron.COMMAND O SmartIron
BOS включи воду EOS O	B-WaterSupplySensor.COMMAND B-WaterSupplySensor.DeviceFeature WaterSupplySensor
BOS расход воды EOS O	B-WaterSupplySensor.DeviceFeature I-WaterSupplySensor.DeviceFeature WaterSupplySensor
BOS уровень заряда квадрокоптера EOS O	O B-Quadrocopter.DeviceFeature B-Quadrocopter.DEVICE Quadrocopter
BOS влажность EOS O	B-Humidifier.DeviceFeature Humidifier
BOS если уровень влажности в комнате меньше n то включи увлажнитель EOS O	O O O O O O O O O B-Humidifier.COMMAND Humidifier
BOS установи влажность на 8 и температуру на 23 EOS O	B-Humidifier.COMMAND B-Humidifier.DeviceParameter O B-Humidifier.DeviceParameterValue O O O O Humidifier
BOS прошлый технический осмотр EOS O	B-SmartCar.DeviceFeature I-SmartCar.DeviceFeature I-SmartCar.DeviceFeature SmartCar
BOS мне придется доехать до число больницы EOS O	B-SmartCar.Actor B-SmartCar.COMMAND I-SmartCar.COMMAND O B-SmartCar.CommandParameterValue B-SmartCar.LOC SmartCar
BOS проедь 500 метров EOS O	B-SmartCar.COMMAND B-SmartCar.CommandParameterValue B-SmartCar.CommandParameter SmartCar
BOS довези меня в больницу число EOS O	B-SmartCar.COMMAND B-SmartCar.Actor B-SmartCar.LOC I-SmartCar.LOC O SmartCar
BOS мне придется доехать до число поликлиники EOS O	B-SmartCar.Actor B-SmartCar.COMMAND I-SmartCar.COMMAND O B-SmartCar.CommandParameterValue B-SmartCar.LOC SmartCar
BOS отвези меня до поликлиники завтра EOS O	B-SmartCar.COMMAND B-SmartCar.Actor O B-SmartCar.LOC O SmartCar
BOS распечатай документ название через число секунд EOS O	B-Printer.COMMAND B-Printer.CommandFeature I-Printer.CommandFeature O O O Printer
BOS распечатай паспорт название через число часа EOS O	B-Printer.COMMAND B-Printer.CommandFeature I-Printer.CommandFeature O O O Printer
BOS распечатай паспорт название через число часа EOS O	B-Printer.COMMAND B-Printer.CommandFeature I-Printer.CommandFeature O O O Printer
BOS сделай копию паспорта EOS O	B-Printer.COMMAND B-Printer.CommandFeature I-Printer.CommandFeature Printer
BOS заполни документ EOS O	B-Printer.COMMAND B-Printer.CommandFeature Printer
BOS распечатай документ спустя 2 часа EOS O	B-Printer.COMMAND B-Printer.CommandFeature O O O Printer
BOS распечатай документ через 5 минут EOS O	B-Printer.COMMAND B-Printer.CommandFeature O O O Printer
BOS разогрей мне завтрак EOS O	B-SmartMicrowave.COMMAND B-SmartMicrowave.Actor B-SmartMicrowave.CommandFeature SmartMicrowave
BOS сколько дней стоит суп в микроволновке EOS O	B-SmartMicrowave.ParameterValueQuestion B-SmartMicrowave.ParameterValue B-SmartMicrowave.FeatureState B-SmartMicrowave.CommandFeature O B-SmartMicrowave.DEVICE SmartMicrowave
BOS если на улице меньше 10 температура включи подогрев пола EOS O	O O O B-HeatingFloor.IntensityQuantifier B-HeatingFloor.DeviceParameterValue O B-HeatingFloor.COMMAND B-HeatingFloor.DeviceFeature I-HeatingFloor.DeviceFeature HeatingFloor
BOS сделай тост EOS O	B-SmartToaster.COMMAND B-SmartToaster.CommandFeature SmartToaster
BOS подсвети путь на кухню EOS O	B-FloorLite.COMMAND B-FloorLite.CommandFeature O B-FloorLite.LOC FloorLite
BOS включи подсветку к 7 вечера EOS O	B-FloorLite.COMMAND O B-FloorLite.CommandFeature O O FloorLite
BOS проветри спальню ко сну EOS O	B-WindowStatusSensor.COMMAND B-WindowStatusSensor.LOC O O WindowStatusSensor