TemperatureSensor	0:4:TemperatureSensor.CommandQuestion,14:24:TemperatureSensor.DeviceParameterValue	какая сегодня температура	1	1
TemperatureSensor	37:42:TemperatureSensor.COMMAND,44:55:TemperatureSensor.DEVICE	если на улице температура 0 градусов включи обогреватель	1	1
TemperatureSensor	0:6:TemperatureSensor.ParameterValueQuestion,15:22:TemperatureSensor.DeviceFeature,27:31:TemperatureSensor.LOC	сколько сейчас градусов на улице	1	1
SmartOven	0:4:SmartOven.CommandQuestion,6:10:SmartOven.FeatureState,12:17:SmartOven.FeatureState,19:21:SmartOven.CommandFeature,25:31:SmartOven.DEVICE	когда будет готова еда в духовке	1	1
AudioSystem	0:5:AudioSystem.Request,7:17:AudioSystem.DeviceFeature,35:39:AudioSystem.DeviceFeature,19:23:AudioSystem.IntensityQuantifier,25:33:AudioSystem.Analytics	назови исполнителя самой частотной песни	1	1
SmartFeeder	0:4:SmartFeeder.COMMAND,6:9:SmartFeeder.CommandFeature	корми кота шесть раз в день	1	1
HeaterController	0:6:HeaterController.COMMAND,8:12:HeaterController.CommandFeature	закрыть дверь если холодно	1	1
HumiditySensor	45:50:HumiditySensor.COMMAND,52:62:HumiditySensor.DEVICE,13:21:HumiditySensor.DeviceFeature,25:31:HumiditySensor.LOC,25:31:HumiditySensor.LOCCurrent,40:40:HumiditySensor.DeviceParameterValue,33:38:HumiditySensor.IntensityQuantifier	eсли уровень влажности в комнате меньше n то включи увлажнитель	1	1
SmartOven	0:4:SmartOven.CommandQuestion,19:23:SmartOven.CommandFeature,6:10:SmartOven.FeatureState,12:17:SmartOven.FeatureState,27:33:SmartOven.DEVICE	когда будет готова пицца в духовке	1	1
HeaterController	22:27:HeaterController.COMMAND,29:40:HeaterController.DEVICE	eсли на улице холодно включи обогреватель	1	1
AudioSystem	0:5:AudioSystem.COMMAND,7:12:AudioSystem.IntensityQuantifier	сделай громче	1	1
WindowRelay	19:24:WindowRelay.COMMAND,26:29:WindowRelay.DeviceFeature	если будет холодно закрой окно	1	1
SmartBreadMaker	0:8:SmartBreadMaker.COMMAND,10:13:SmartBreadMaker.CommandFeature	приготовь хлеб к нашему ужину	1	1
CurtainsRelay	0:7:CurtainsRelay.COMMAND,9:14:CurtainsRelay.DeviceFeature	откроешь жалюзи если слишком темно	1	1
AlarmClock	0:4:AlarmClock.COMMAND,18:26:AlarmClock.DEVICE,31:35:AlarmClock.DeviceParameterValue	ставь каждый день будильник на время	1	1
AudioSystem	0:6:AudioSystem.COMMAND,8:19:AudioSystem.DEVICE	включай аудиосистему если я возвращаюсь домой	1	1
WindowRelay	23:28:WindowRelay.COMMAND,30:33:WindowRelay.DeviceFeature	если станет холодно то открой окно	1	1
LightSensor	0:6:LightSensor.COMMAND,8:11:LightSensor.DeviceFeature	выключи свет	1	1
HumiditySensor	0:5:HumiditySensor.COMMAND,7:12:HumiditySensor.DEVICE,14:22:HumiditySensor.DEVICE	включи датчик влажности когда я приду домой	1	1
AudioSystem	0:5:AudioSystem.COMMAND,7:19:AudioSystem.DEVICE	включи стереосистему если я приду домой	1	1
HeaterController	0:6:HeaterController.COMMAND,8:16:HeaterController.DeviceFeature,20:26:HeaterController.LOC	включай отопление в спальне	1	1
TemperatureSensor	0:4:TemperatureSensor.ParameterValueQuestion,13:23:TemperatureSensor.DeviceParameter	какая сейчас температура	1	1
SmartBreadMaker	0:5:SmartBreadMaker.COMMAND,7:13:SmartBreadMaker.CommandFeature	включи готовку в 8 вечера	1	1
AudioSystem	0:6:AudioSystem.COMMAND,8:16:AudioSystem.DeviceParameterValue	увеличь громкость чтобы не мешал стук	1	1
SmartOven	0:6:SmartOven.RequestQuestion,20:22:SmartOven.CommandFeature,8:12:SmartOven.Analytics,14:18:SmartOven.Analytics,26:32:SmartOven.LOC	сколько часов стоит суп в духовке	1	1
DoorWindowStatusSensor	0:4:DoorWindowStatusSensor.RequestQuestion,6:10:DoorWindowStatusSensor.DeviceFeature,14:17:DoorWindowStatusSensor.LOC,19:25:DoorWindowStatusSensor.FeatureState	какие двери в доме открыты	1	1
AudioSystem	0:7:AudioSystem.COMMAND,9:13:AudioSystem.DeviceParameter,17:19:AudioSystem.DeviceFeature,21:29:AudioSystem.DeviceFeature	добавить песню в мою коллекцию	1	1
Lamp	0:4:Lamp.COMMAND,18:24:Lamp.DeviceFeature,29:33:Lamp.CommandParameterValue	меняй каждый день фонарик на время	1	1
SmartFeeder	0:6:SmartFeeder.COMMAND,8:11:SmartFeeder.CommandFeature,13:18:SmartFeeder.IntensityQuantifier,20:24:SmartFeeder.DeviceFeature	насыпай коту меньше корма	1	1
CurtainsRelay		если за окном рассвет открой занавески	1	1
HeaterController	0:6:HeaterController.COMMAND,8:16:HeaterController.DeviceFeature,20:26:HeaterController.LOC	включай отопление в комнате	1	1
SmartKettle	27:34:SmartKettle.COMMAND,5:8:SmartKettle.CommandFeature,12:18:SmartKettle.DEVICE,20:25:SmartKettle.FeatureState	eсли вода в чайнике остыла разогрей	1	1
HumiditySensor	0:10:HumiditySensor.COMMAND,12:20:HumiditySensor.CommandFeature,24:30:HumiditySensor.LOC,24:30:HumiditySensor.LOCCurrent,42:43:HumiditySensor.DeviceParameterValue	поддерживай влажность в комнате на уровне 60	1	1
WashingMachine	0:6:WashingMachine.RequestQuestion,26:31:WashingMachine.CommandFeature,8:10:WashingMachine.Analytics,15:19:WashingMachine.Analytics,21:24:WashingMachine.Analytics	сколько раз за месяц была стирка	1	1
Lamp	0:3:Lamp.COMMAND,5:8:Lamp.DeviceFeature	гаси свет в спальне если никого нет	1	1
WindowRelay	16:23:WindowRelay.COMMAND,2:8:WindowRelay.LOCCurrent,2:8:WindowRelay.LOC	в комнате душно проветри	1	1
SmartVacuumCleaner	0:10:SmartVacuumCleaner.COMMAND,12:16:SmartVacuumCleaner.LOCCurrent	пропылесось здесь пока я буду на кухне	1	1
Lamp	0:7:Lamp.COMMAND,9:12:Lamp.Devicefeature	выключай свет каждый раз когда я ухожу из гостиной	1	1
WindowRelay		если будет жарко то закрой окно	1	1
TVSet	0:6:TVSet.COMMAND,8:15:TVSet.DeviceFeature,22:22:TVSet.Actor,24:27:TVSet.Action	запомни передачу если я лягу	1	1
HeaterController	0:5:HeaterController.COMMAND	сделай похолоднее	1	1
CurtainsRelay	0:7:CurtainsRelay.COMMAND,9:14:CurtainsRelay.DeviceFeature	откроешь жалюзи если слишком темно	1	1
TVSet	0:5:TVSet.COMMAND,7:14:TVSet.Devicefeature,21:21:TVSet.Actor,23:27:TVSet.Action	запиши передачу если я засну	1	1
AlarmClock	0:6:AlarmClock.COMMAND,21:29:AlarmClock.DEVICE,34:38:AlarmClock.DeviceParameterValue	поменяй каждый вечер будильник на время	1	1
LightSensor	0:5:LightSensor.COMMAND,7:10:LightSensor.DeviceFeature	ослабь свет и включи успокаивающую песню	1	1
DoorWindowStatusSensor	0:4:DoorWindowStatusSensor.DeviceQuestion,9:12:DoorWindowStatusSensor.DeviceFeature,16:23:DoorWindowStatusSensor.LOC,32:38:DoorWindowStatusSensor.FeatureState	какие из окон в квартире сейчас открыты	1	1
LightSensor	0:7:LightSensor.COMMAND,9:12:LightSensor.CommandFeature	выключай свет если я ухожу из прихожей	1	1
MotionSensor	0:6:MotionSensor.COMMAND,8:13:MotionSensor.LOC,15:18:MotionSensor.LOC	проверь второй этаж	1	1
Lamp	0:6:Lamp.COMMAND,8:11:Lamp.DeviceFeature,15:20:Lamp.LOC	выключи свет в ванной	1	1
AudioSystem	0:6:AudioSystem.COMMAND,8:12:AudioSystem.CommandFeature,19:19:AudioSystem.Actor,21:24:AudioSystem.Action	отключи песню если я лягу	1	1
HeaterController	22:27:HeaterController.COMMAND,0:4:HeaterController.LOC,6:12:HeaterController.IntensityQuantifier	здесь слишком холодно сделай потеплее	1	1
AlarmClock	0:4:AlarmClock.COMMAND,17:25:AlarmClock.DEVICE,30:34:AlarmClock.DeviceParameter	ставь каждый раз будильник на время	1	1
WindowRelay	23:28:WindowRelay.COMMAND,30:33:WindowRelay.CommandFeature	если станет холодно то закрой окно	1	1
Phone	0:2:Phone.RequestQuestion,4:10:Phone.Action,15:22:Phone.LOC	как доехать до больницы	1	1
TVSet	0:2:TVSet.DeviceQuestion,4:8:TVSet.DeviceFeature,13:22:TVSet.DEVICE	где пульт от телевизора	1	1
AudioSystem	0:5:AudioSystem.COMMAND,7:18:AudioSystem.DEVICE	включи аудиосистему когда я приду домой	1	1
MotionSensor	0:6:MotionSensor.Analytics,8:13:MotionSensor.DEVICE,15:22:MotionSensor.DEVICE,27:33:MotionSensor.Duration	проверь датчик движения за сегодня	1	1
SmartFridge	0:6:SmartFridge.RequestQuestion,19:23:SmartFridge.CommandFeature,13:17:SmartFridge.FeatureState,27:38:SmartFridge.LOC	сколько дней стоит салат в холодильнике	1	1
CoffeeMachine	14:19:CoffeeMachine.COMMAND,21:24:CoffeeMachine.CommandFeature	когда я поеду сделай кофе	1	1
SmartBreadMaker	0:8:SmartBreadMaker.COMMAND,10:13:SmartBreadMaker.CommandFeature	приготовь хлеб к нашему возвращению	1	1
CoffeeMachine	0:6:CoffeeMachine.Request,8:16:CoffeeMachine.Request,18:26:CoffeeMachine.DEVICE	проверь состояние кофеварки	1	1
HumiditySensor	0:7:HumiditySensor.COMMAND,9:19:HumiditySensor.Devicefeature,32:40:HumiditySensor.Devicefeature,24:28:HumiditySensor.DeviceParameterValue,45:49:HumiditySensor.DeviceParameterValue	установи температуру на число а влажность на число	1	1
Lamp	3:9:Lamp.DeviceQuestion,11:17:Lamp.FeatureState,19:24:Lamp.DeviceFeature	на сколько хватает заряда	1	1
AudioSystem	0:6:AudioSystem.COMMAND,8:19:AudioSystem.DEVICE	выключи аудиосистему когда я возвращаюсь домой	1	1
WindowRelay	0:5:WindowRelay.COMMAND,7:10:WindowRelay.DeviceFeature,15:19:WindowRelay.LOC,24:25:WindowRelay.CommandParameterValue,27:34:WindowRelay.CommandParameter	открой окно на кухне на 30 градусов	1	1
AudioSystem	0:6:AudioSystem.COMMAND,8:15:AudioSystem.CommandFeature,20:24:AudioSystem.LOC,30:36:AudioSystem.LOC	выключи динамики на кухне и в спальне	1	1
SmartVacuumCleaner	0:10:SmartVacuumCleaner.COMMAND,12:16:SmartVacuumCleaner.LOCCurrent	пропылесось здесь пока я буду в ванной	1	1
CurtainsRelay		если за окном солнце закрой занавески	1	1
TemperatureSensor	0:5:TemperatureSensor.COMMAND,7:14:TemperatureSensor.IntensityQuantifier	сделай потеплее	1	1
AudioSystem	0:4:AudioSystem.IntensityQuantifier	очень тихо	1	1
LightSensor	0:3:LightSensor.COMMAND,5:8:LightSensor.CommandFeature,12:18:LightSensor.LOC	гаси свет в комнате	1	1
CoffeeMachine	0:6:CoffeeMachine.RequestQuestion,13:20:CoffeeMachine.Analytics,8:11:CoffeeMachine.DeviceFeature	сколько кофе осталось	1	1
TemperatureSensor	0:4:TemperatureSensor.IntensityQuantifier	очень жарко	1	1
SmartElectricityMeter	0:4:SmartElectricityMeter.RAnalytics,32:35:SmartElectricityMeter.CommandFeature,18:18:SmartElectricityMeter.Actor,20:27:SmartElectricityMeter.Action,8:11:SmartElectricityMeter.Duration,13:16:SmartElectricityMeter.Duration	почем в этом году я заплатил за свет	1	1
MotionSensor	0:9:MotionSensor.COMMAND	предупреди если автомобиль сзади меня придется очень вплотную	1	1
AudioSystem	0:6:AudioSystem.IntensityQuantifier	слишком громко	1	1
CurtainsRelay	0:4:CurtainsRelay.RequestQuestion,20:27:CurtainsRelay.FeatureState,29:37:CurtainsRelay.DeviceFeature,6:14:CurtainsRelay.Analytics,16:18:CurtainsRelay.Analytics	когда последний раз опускали занавески	1	1
SmartFridge	0:6:SmartFridge.RequestQuestion,8:11:SmartFridge.CommandFeature,13:20:SmartFridge.Analytics	сколько мяса осталось	1	1
Lamp	0:6:Lamp.COMMAND,8:11:Lamp.DeviceFeature	выключи свет	1	1
Lamp	0:6:Lamp.COMMAND,8:13:Lamp.DeviceFeature	включай солнце когда я захожу в комнату	1	1
WashingMachine	41:47:WashingMachine.COMMAND,2:8:WashingMachine.DEVICE,19:23:WashingMachine.CommandFeature,49:54:WashingMachine.CommandFeature,33:37:WashingMachine.CommandParameter,10:17:WashingMachine.CommandParameterValue	в машинке шелковое белье подбери режим и запусти стирку	1	1
AudioSystem	0:6:AudioSystem.COMMAND,28:34:AudioSystem.COMMAND,8:15:AudioSystem.DeviceFeature,20:24:AudioSystem.LOC,38:44:AudioSystem.LOC	выключи динамики на кухне и отключи в спальне	1	1
SmartFridge	0:6:SmartFridge.Request,8:14:SmartFridge.FeatureState,16:18:SmartFridge.CommandFeature,22:33:SmartFridge.LOC	проверь наличие еды в холодильнике	1	1
LightSensor	0:6:LightSensor.COMMAND,8:11:LightSensor.DeviceFeature	включай свет когда я захожу в ванную	1	1
WashingMachine	0:6:WashingMachine.COMMAND,21:26:WashingMachine.CommandFeature	поставь в расписание стирку на 6 утра	1	1
WaterTapRelay	0:6:WaterTapRelay.COMMAND,8:17:WaterTapRelay.CommandFeature,21:27:WaterTapRelay.LOC	выключи водопровод в комнате	1	1
SmartIron	5:12:SmartIron.COMMAND,0:3:SmartIron.DEVICE,27:32:SmartIron.DeviceParameterValue	утюг разогрей буду гладить нейлон	1	1
AudioSystem	0:6:AudioSystem.COMMAND,8:11:AudioSystem.CommandFeature,16:18:AudioSystem.DeviceParameterValue,20:25:AudioSystem.DeviceFeature	увеличь звук на три пункта	1	1
DoorWindowStatusSensor	0:6:DoorWindowStatusSensor.COMMAND,8:12:DoorWindowStatusSensor.DeviceFeature,16:19:DoorWindowStatusSensor.LOC	проверь двери в доме	1	1
TVSet	0:6:TVSet.COMMAND,8:35:TVSet.DeviceFeature	включай информационноразвлекательную когда я приду домой	1	1
TemperatureSensor	0:10:TemperatureSensor.COMMAND,12:22:TemperatureSensor.DeviceFeature,37:42:TemperatureSensor.DeviceFeature,44:48:TemperatureSensor.DeviceParameterValue,26:32:TemperatureSensor.LOC	поддерживай температуру в комнате на уровне число	1	1
LightSensor	21:27:LightSensor.COMMAND,29:33:LightSensor.DEVICE	eсли на улице светло выключи лампу	1	1
AudioSystem	0:7:AudioSystem.COMMAND,9:13:AudioSystem.CommandFeature	пропусти песню	1	1
WindowRelay	20:25:WindowRelay.COMMAND,27:30:WindowRelay.CommandFeature	если на улице жарко открой окно	1	1
SmartFeeder	0:4:SmartFeeder.COMMAND,6:8:SmartFeeder.CommandFeature	корми пса четыре раза в день	1	1
WaterSupplySensor	0:5:WaterSupplySensor.COMMAND,7:10:WaterSupplySensor.DeviceFeature	включи воду	1	1
LightSensor	0:7:LightSensor.COMMAND,9:12:LightSensor.DeviceFeature	выключай свет вдруг я выйду из комнаты	1	1
TemperatureSensor	0:4:TemperatureSensor.DeviceFeature,6:15:TemperatureSensor.DeviceFeature	карта температур	1	1
Quadrocopter	15:27:Quadrocopter.DEVICE,8:13:Quadrocopter.DeviceFeature	уровень заряда квадрокоптера	1	1
TVSet	0:4:TVSet.DeviceFeature	пульт	1	1
AudioSystem	0:2:AudioSystem.DeviceFeature,4:10:AudioSystem.DeviceFeature,12:17:AudioSystem.DeviceFeature	мой любимый альбом	1	1
WaterSupplySensor	0:5:WaterSupplySensor.DeviceFeature,7:10:WaterSupplySensor.DeviceFeature	расход воды	1	1
SmartFridge	0:7:SmartFridge.DeviceFeature,9:12:SmartFridge.DeviceFeature	свежесть супа	1	1
Humidifier	0:8:Humidifier.DeviceFeature	влажность	1	1
SmartVacuumCleaner	0:3:SmartVacuumCleaner.DeviceFeature,5:11:SmartVacuumCleaner.DeviceFeature,13:18:SmartVacuumCleaner.DeviceFeature	дата прошлой уборки	1	1
SmartElectricityMeter	0:5:SmartElectricityMeter.DeviceFeature,7:19:SmartElectricityMeter.DeviceFeature	расход электричества	1	1
CoffeeMachine	0:9:CoffeeMachine.DeviceFeature,11:14:CoffeeMachine.DeviceFeature	количество кофе	1	1
SmartOven	0:7:SmartOven.DeviceSta`te,12:18:SmartOven.DEVICE	включена ли духовка	1	1
SmartCar	0:6:SmartCar.DeviceFeature,8:18:SmartCar.DeviceFeature,20:25:SmartCar.DeviceFeature	прошлый технический осмотр	1	1
SmartIron	0:6:SmartIron.DeviceState,11:14:SmartIron.DEVICE	включен ли утюг	1	1
MotionSensor	0:9:MotionSensor.DeviceFeature,13:16:MotionSensor.LOC	активность в доме	1	1
AlarmClock	0:4:AlarmClock.DeviceFeature	время	1	1
AudioSystem	0:2:AudioSystem.DeviceFeature,4:10:AudioSystem.DeviceFeature,12:16:AudioSystem.DeviceFeature	мои любимые песни	1	1
AudioSystem	0:4:AudioSystem.DeviceFeature,6:10:AudioSystem.DeviceFeature	текст песни	1	1
WaterTapRelay	0:10:WaterTapRelay.DeviceFeature,12:15:WaterTapRelay.DeviceFeature	температура воды	1	1
SmartElectricityMeter	0:16:SmartElectricityMeter.DeviceFeature,21:29:SmartElectricityMeter.DeviceFeature,31:35:SmartElectricityMeter.DeviceFeature	энергопотребление за последнее время	1	1
WindowRelay	0:5:WindowRelay.COMMAND,7:11:WindowRelay.CommandFeature	закрой шторы если слишком светло	1	1
AudioSystem	0:5:AudioSystem.COMMAND,15:17:AudioSystem.CommandFeature,19:27:AudioSystem.CommandFeature	добавь песню в мою коллекцию	1	1
CoffeeMachine	0:4:CoffeeMachine.CommandQuestion,6:15:CoffeeMachine.DEVICE,25:31:CoffeeMachine.LOC	какая кофемашина стоит в комнате	1	1
AudioSystem	0:6:AudioSystem.COMMAND,19:30:AudioSystem.CommandFeature,32:38:AudioSystem.CommandFeature	запусти плейлист с танцевальной музыкой	1	1
Humidifier	52:62:Humidifier.COMMAND,52:62:Humidifier.CommandFeature	если уровень влажности в комнате меньше n то включи увлажнитель	1	1
TemperatureSensor	0:4:TemperatureSensor.DeviceQuestion,13:23:TemperatureSensor.DeviceFeature,28:32:TemperatureSensor.LOC	какая сейчас температура на улице	1	1
LightSensor	23:28:LightSensor.COMMAND,15:21:LightSensor.CommandFeature,30:34:LightSensor.CommandFeature	если за дверью рассвет закрой шторы	1	1
LightSensor	23:28:LightSensor.COMMAND,15:21:LightSensor.CommandFeature,30:34:LightSensor.CommandFeature,5:6:LightSensor.LOC,8:13:LightSensor.LOC	если за дверью рассвет открой шторы	1	1
AudioSystem	0:4:AudioSystem.COMMAND,6:18:AudioSystem.DEVICE,25:25:AudioSystem.Actor,27:31:AudioSystem.Action,33:37:AudioSystem.LOC	ставь стереосистему если я приду домой	1	1
SmartCar	0:2:SmartCar.Actor,4:7:SmartCar.COMMAND,9:17:SmartCar.COMMAND,22:26:SmartCar.CommandParameterValue,28:38:SmartCar.LOC	мне надо добраться до число поликлиники	1	1
SmartKettle	0:5:SmartKettle.COMMAND,7:10:SmartKettle.CommandFeature,14:16:SmartKettle.CommandFeature	сделай кофе и чай	1	1
SmartCar	0:2:SmartCar.Actor,4:7:SmartCar.COMMAND,9:16:SmartCar.COMMAND,21:25:SmartCar.CommandParameterValue,27:34:SmartCar.LOC	мне надо проехать до число больницы	1	1
AudioSystem	0:6:AudioSystem.COMMAND,8:12:AudioSystem.CommandFeature,20:20:AudioSystem.Actor,22:26:AudioSystem.Action	отключи песню когда я засну	1	1
LightSensor	0:5:LightSensor.COMMAND,7:13:LightSensor.LOC	освети комнату	1	1
WaterTapRelay	0:0:WaterTapRelay.Actor,2:5:WaterTapRelay.Action,7:13:WaterTapRelay.Action,15:19:WaterTapRelay.CommandFeature	я хочу принять ванну	1	1
TemperatureSensor	24:29:TemperatureSensor.COMMAND,31:35:TemperatureSensor.CommandFeature	если станет жарко тогда открой дверь	1	1
SmartElectricityMeter	0:7:SmartElectricityMeter.COMMAND,9:21:SmartElectricityMeter.CommandFeature,25:31:SmartElectricityMeter.LOC	выключай электричество в комнате	1	1
Printer	0:9:Printer.COMMAND,11:18:Printer.CommandFeature,20:27:Printer.CommandFeature	распечатай документ название через число секунд	1	1
TemperatureSensor	0:4:TemperatureSensor.COMMAND,6:16:TemperatureSensor.CommandFeature,20:26:TemperatureSensor.LOC,38:42:TemperatureSensor.CommandParameterValue	держи температуру в комнате на уровне число	1	1
WashingMachine	0:6:WashingMachine.COMMAND,8:17:WashingMachine.DEVICE,19:24:WashingMachine.DEVICE	включай стиральную машину в 2305 каждое четное число месяца	1	1
LightSensor	0:7:LightSensor.COMMAND,9:12:LightSensor.CommandFeature,20:20:LightSensor.Actor,22:24:LightSensor.Action,29:35:LightSensor.LOC	выключай свет когда я иду из спальни	1	1
WindowRelay	0:9:WindowRelay.COMMAND,23:23:WindowRelay.Actor,25:28:WindowRelay.Action,33:37:WindowRelay.LOC	проветрите сейчас пока я буду на кухне	1	1
TemperatureSensor	0:5:TemperatureSensor.COMMAND,7:15:TemperatureSensor.CommandFeature,30:36:TemperatureSensor.CommandFeature,22:28:TemperatureSensor.IntensityQuantifier	закрой занавески если слишком холодно	1	1
DoorWindowStatusSensor	0:4:DoorWindowStatusSensor.DeviceQuestion,6:7:DoorWindowStatusSensor.DeviceFeature,16:19:DoorWindowStatusSensor.LOC,28:34:DoorWindowStatusSensor.FeatureState	какие из окон в доме теперь открыты	1	1
LightSensor	0:7:LightSensor.COMMAND,9:12:LightSensor.CommandFeature,18:21:LightSensor.Actor,23:27:LightSensor.Action,32:38:LightSensor.LOC	выключай свет при моем уходе из комнаты	1	1
LightSensor	0:7:LightSensor.COMMAND,9:12:LightSensor.CommandFeature,19:19:LightSensor.Actor,21:25:LightSensor.Action,30:36:LightSensor.LOC	выключай свет если я ухожу из комнаты	1	1
LightSensor	0:7:LightSensor.COMMAND,9:12:LightSensor.CommandFeature,19:19:LightSensor.Actor,21:25:LightSensor.Action,30:36:LightSensor.LOC	выключай свет если я ухожу из спальни	1	1
TVSet	0:5:TVSet.COMMAND,7:15:TVSet.CommandFeature,20:29:TVSet.DEVICE	включи программу по телевизору	1	1
SmartVacuumCleaner	26:29:SmartVacuumCleaner.COMMAND,24:24:SmartVacuumCleaner.Actor,26:29:SmartVacuumCleaner.Action,33:41:SmartVacuumCleaner.LOC	пропылесось сейчас пока я буду в гостинной	1	1
AudioSystem	0:5:AudioSystem.Request,7:11:AudioSystem.IntensityQuantifier,13:18:AudioSystem.Analytics,20:24:AudioSystem.CommandFeature	назови самую частую песню	1	1
LightSensor	0:7:LightSensor.COMMAND,9:12:LightSensor.CommandFeature,19:19:LightSensor.Actor,21:26:LightSensor.Action,31:36:LightSensor.LOC	выключай свет если я выхожу из комнат	1	1
SmartMicrowave	0:7:SmartMicrowave.COMMAND,13:19:SmartMicrowave.CommandFeature,9:11:SmartMicrowave.Actor	разогрей мне завтрак	1	1
WashingMachine	0:6:WashingMachine.COMMAND,8:17:WashingMachine.DEVICE,19:24:WashingMachine.DEVICE	включай стиральную машину по четвергам	1	1
LightSensor	0:7:LightSensor.COMMAND,9:12:LightSensor.CommandFeature,20:24:LightSensor.Actor,26:30:LightSensor.Action,32:33:LightSensor.LOC,35:41:LightSensor.LOC	выключай свет после моего ухода из спальни	1	1
TVSet	0:6:TVSet.COMMAND,8:35:TVSet.DeviceFeature,37:45:TVSet.DeviceFeature,47:50:TVSet.Actor,52:52:TVSet.Action,54:60:TVSet.LOC	выключи информационноразвлекательную программу если я прихожу домой	1	1
DoorWindowStatusSensor	0:7:DoorWindowStatusSensor.COMMAND,9:11:DoorWindowStatusSensor.LOCCurrent	проветри там	1	1
AudioSystem	0:5:AudioSystem.COMMAND,7:13:AudioSystem.CommandFeature,17:19:AudioSystem.Actor,21:29:AudioSystem.DeviceFeature	добавь мелодию в мою коллекцию	1	1
SmartFridge	0:5:SmartFridge.COMMAND,7:11:SmartFridge.CommandQuestion,13:18:SmartFridge.CommandFeature,22:33:SmartFridge.DEVICE	сообщи какие фрукты в холодильнике	1	1
Printer	0:9:Printer.COMMAND,11:17:Printer.CommandFeature,19:26:Printer.CommandFeature	распечатай паспорт название через число часа	1	1
TVSet	0:5:TVSet.COMMAND,7:15:TVSet.CommandFeature,22:22:TVSet.Actor,24:27:TVSet.Action	запиши программу если я усну	1	1
WashingMachine	0:6:WashingMachine.COMMAND,8:13:WashingMachine.CommandFeature,19:26:WashingMachine.DeviceParameterValue	запусти стирку для цветного	1	1
Printer	0:9:Printer.COMMAND,11:17:Printer.CommandFeature,19:26:Printer.CommandFeature	распечатай паспорт название через число часа	1	1
AudioSystem	0:6:AudioSystem.COMMAND,8:14:AudioSystem.CommandFeature,31:33:AudioSystem.CommandFeature	увеличь частоту чтобы не мешал шум	1	1
AudioSystem	0:5:AudioSystem.COMMAND,7:12:AudioSystem.CommandFeature	включи музыку в 5 вечера	1	1
Printer	0:9:Printer.COMMAND,11:18:Printer.CommandFeature,20:27:Printer.CommandFeature	распечатай документ название спустя число часов	1	1
AudioSystem	0:6:AudioSystem.COMMAND,8:11:AudioSystem.CommandFeature,16:18:AudioSystem.DeviceParameterValue,20:25:AudioSystem.DeviceFeature	увеличь звук на три пункта	1	1
SmartOven	0:8:SmartOven.COMMAND,10:14:SmartOven.CommandFeature,18:22:SmartOven.Actor,24:30:SmartOven.Action	приготовь булку к моему приходу	1	1
AudioSystem	0:6:AudioSystem.COMMAND,28:33:AudioSystem.COMMAND,8:15:AudioSystem.CommandFeature,17:18:AudioSystem.LOC,20:24:AudioSystem.LOC,38:38:AudioSystem.LOC,40:46:AudioSystem.LOC	выключи динамики на кухне и включи их в спальне	1	1
TemperatureSensor	40:45:TemperatureSensor.COMMAND,47:55:TemperatureSensor.DEVICE,5:6:TemperatureSensor.LOC,8:12:TemperatureSensor.LOC,14:19:TemperatureSensor.Quantor,21:30:TemperatureSensor.CommandParameterValue,32:38:TemperatureSensor.CommandParameter	если на улице больше количество градуса включи отопление	1	1
SmartKettle	0:8:SmartKettle.COMMAND,10:12:SmartKettle.CommandFeature	приготовь чай	1	1
CoffeeMachine	0:5:CoffeeMachine.COMMAND,7:10:CoffeeMachine.СommandFeature,14:18:CoffeeMachine.Actor,20:26:CoffeeMachine.Ation	сделай кофе к моему приходу	1	1
LightSensor	0:7:LightSensor.COMMAND,9:12:LightSensor.CommandFeature,20:20:LightSensor.Actor,22:27:LightSensor.Action,32:39:LightSensor.LOC	выключай свет когда я выхожу из спальной	1	1
LightSensor	21:26:LightSensor.COMMAND,14:19:LightSensor.CommandFeature,28:32:LightSensor.CommandFeature,5:6:LightSensor.LOC,8:12:LightSensor.LOC	если за окном солнце открой шторы	1	1
SmartVacuumCleaner	0:6:SmartVacuumCleaner.COMMAND,8:10:SmartVacuumCleaner.LOC,27:31:SmartVacuumCleaner.LOC,17:17:SmartVacuumCleaner.Actor,19:22:SmartVacuumCleaner.Action	подмети там пока я буду на кухне	1	1
DoorWindowStatusSensor	24:29:DoorWindowStatusSensor.COMMAND,11:15:DoorWindowStatusSensor.CommandFeature,31:34:DoorWindowStatusSensor.CommandFeature	если будет жарко значит открой окно	1	1
WaterTapRelay	0:6:WaterTapRelay.COMMAND,8:14:WaterTapRelay.FeatureState,16:21:WaterTapRelay.CommandFeature,25:29:WaterTapRelay.Actor,31:37:WaterTapRelay.Action	наполни горячую ванную к моему приходу	1	1
SmartElectricityMeter	0:6:SmartElectricityMeter.ParameterValueQuestion,25:28:SmartElectricityMeter.Action,33:45:SmartElectricityMeter.ParameterFeature,10:16:SmartElectricityMeter.Duration,18:23:SmartElectricityMeter.Duration	сколько в прошлом месяце было за электричество	1	1
LightSensor	0:7:LightSensor.COMMAND,9:17:LightSensor.CommandFeature,31:35:LightSensor.CommandFeature,24:29:LightSensor.IntensityQuantifier	откроешь занавески если совсем темно	1	1
SmartKettle	6:6:SmartKettle.Actor,8:12:SmartKettle.Action,14:19:SmartKettle.COMMAND,21:23:SmartKettle.CommandFeature	когда я приду сделай чай	1	1
WaterTapRelay	29:34:WaterTapRelay.COMMAND,14:17:WaterTapRelay.Actor,4:12:WaterTapRelay.Action,36:45:WaterTapRelay.CommandFeature,47:50:WaterTapRelay.CommandFeature,22:27:WaterTapRelay.LOC	при появлении кота на газоне включи распыление воды 3 раза за раз	1	1
LightSensor	0:7:LightSensor.COMMAND,9:12:LightSensor.CommandFeature,20:20:LightSensor.Actor,22:26:LightSensor.Action,31:36:LightSensor.LOC	выключай свет когда я ухожу из комнат	1	1
MotionSensor	0:5:MotionSensor.COMMAND,7:9:MotionSensor.Action,14:18:MotionSensor.Actor,20:23:MotionSensor.LOC	сообщи был ли ктото дома сегодня	1	1
LightSensor	0:6:LightSensor.COMMAND,8:11:LightSensor.CommandFeature,19:19:LightSensor.Actor,21:30:LightSensor.Action,34:40:LightSensor.LOC	включай свет когда я заглядываю в комнату	1	1
AudioSystem	0:6:AudioSystem.COMMAND,8:12:AudioSystem.CommandFeature,20:20:AudioSystem.Actor,22:25:AudioSystem.Action	отключи песню когда я лягу	1	1
SmartOven	0:8:SmartOven.COMMAND,10:13:SmartOven.CommandFeature,17:22:SmartOven.Actor	приготовь мясо к нашему ужину	1	1
SmartOven	8:13:SmartOven.COMMAND,15:21:SmartOven.DEVICE,23:26:SmartOven.DEVICE,31:35:SmartOven.LOC,40:49:SmartOven.DeviceParameterValue,51:58:SmartOven.DeviceFeature	в время включи духовой шкаф на кухне на количество градусов	1	1
SmartOven	0:5:SmartOven.COMMAND,7:9:SmartOven.Actor,11:13:SmartOven.CommandFeature	испеки мне еды к время	1	1
SmartKettle	14:19:SmartKettle.COMMAND,21:23:SmartKettle.CommandFeature,6:6:SmartKettle.Actor,8:12:SmartKettle.Action	когда я зайду сделай чай	1	1
DoorWindowStatusSensor	0:5:DoorWindowStatusSensor.COMMAND,7:9:DoorWindowStatusSensor.Quantor,11:15:DoorWindowStatusSensor.CommandFeature,19:22:DoorWindowStatusSensor.LOC	открой все двери в доме	1	1
SmartIron	0:5:SmartIron.COMMAND,7:10:SmartIron.DEVICE,12:12:SmartIron.Actor,14:17:SmartIron.Action,19:27:SmartIron.Action,19:27:SmartIron.CommandFeature,29:36:SmartIron.DeviceParameterValue	включи утюг я хочу погладить шелковую блузку	1	1
SmartCar	0:2:SmartCar.Actor,4:11:SmartCar.COMMAND,13:19:SmartCar.COMMAND,24:28:SmartCar.CommandParameterValue,30:37:SmartCar.LOC	мне придется доехать до число больницы	1	1
HeaterController	0:5:HeaterController.COMMAND,7:12:HeaterController.CommandFeature,17:20:HeaterController.Quantor,22:29:HeaterController.LOC	сделай теплее во всех комнатах	1	1
WaterTapRelay	2:10:WaterTapRelay.Actor,12:18:WaterTapRelay.Action,20:24:WaterTapRelay.Action,20:24:WaterTapRelay.CommandFeature	я собираюсь принять ванну	1	1
HumiditySensor	0:6:HumiditySensor.COMMAND,8:11:HumiditySensor.DeviceFeature	закрыть окно если начался дождь	1	1
TemperatureSensor	0:6:TemperatureSensor.DeviceQuestion,17:18:TemperatureSensor.DeviceParameter,20:24:TemperatureSensor.LOC	сколько градусов на улице	1	1
SmartCar	0:5:SmartCar.COMMAND,7:9:SmartCar.CommandParameterValue,11:16:SmartCar.CommandParameter	проедь 500 метров	1	1
TemperatureSensor	0:7:TemperatureSensor.COMMAND,9:19:TemperatureSensor.CommandParameter,32:40:TemperatureSensor.CommandParameter,24:28:TemperatureSensor.CommandParameterValue,45:49:TemperatureSensor.CommandParameterValue	установи температура на число а влажность на число	1	1
LightSensor	0:7:LightSensor.COMMAND,9:12:LightSensor.CommandFeature,19:19:LightSensor.Actor,21:26:LightSensor.Action,31:36:LightSensor.LOC	выключай свет если я выхожу из комнат	1	1
LightSensor	0:6:LightSensor.COMMAND,8:11:LightSensor.CommandFeature,18:18:LightSensor.Actor,20:24:LightSensor.Action,28:34:LightSensor.LOC	включай свет если я зашёл в комнату	1	1
WaterTapRelay	42:47:WaterTapRelay.COMMAND,49:61:WaterTapRelay.CommandFeature,14:20:WaterTapRelay.IntensityQuantifier,22:31:WaterTapRelay.DeviceParameterValue,33:40:WaterTapRelay.DeviceFeature	если на улице гораздо количество градусов включи водоснабжение	1	1
LightSensor	0:6:LightSensor.COMMAND,8:12:LightSensor.CommandFeature,27:32:LightSensor.CommandFeature,19:25:LightSensor.IntensityQuantifier,8:12:LightSensor.LOC,14:17:LightSensor.LOC	прикрой шторы если слишком светло	1	1
LightSensor	0:7:LightSensor.COMMAND,9:12:LightSensor.CommandFeature,20:20:LightSensor.Actor,22:26:LightSensor.Action,31:38:LightSensor.LOC	выключай свет когда я выйду из спальной	1	1
DoorWindowStatusSensor	0:4:DoorWindowStatusSensor.DeviceQuestion,9:14:DoorWindowStatusSensor.DeviceFeature,18:23:DoorWindowStatusSensor.LOC,32:38:DoorWindowStatusSensor.FeatureState	какие из дверей в домике сейчас открыты	1	1
DoorWindowStatusSensor	0:7:DoorWindowStatusSensor.COMMAND,9:11:DoorWindowStatusSensor.Quantor,13:19:DoorWindowStatusSensor.LOC	проветри все комнаты	1	1
LightSensor	0:7:LightSensor.COMMAND,9:12:LightSensor.CommandFeature,20:20:LightSensor.Actor,22:26:LightSensor.Action,31:37:LightSensor.LOC	выключай свет когда я ухожу из спальни	1	1
SmartElectricityMeter	0:6:SmartElectricityMeter.ParameterValueQuestion,22:29:SmartElectricityMeter.Action,34:46:SmartElectricityMeter.ParameterFeature,10:13:SmartElectricityMeter.Duration,15:20:SmartElectricityMeter.Duration	сколько в этом месяце уплачено за электричество	1	1
DoorWindowStatusSensor	20:25:DoorWindowStatusSensor.COMMAND,11:15:DoorWindowStatusSensor.CommandFeature,27:31:DoorWindowStatusSensor.CommandFeature	если будет жарко то открой дверь	1	1
SmartBreadMaker	0:8:SmartBreadMaker.COMMAND,10:13:SmartBreadMaker.CommandFeature	приготовь хлеб	1	1
SmartCar	0:5:SmartCar.COMMAND,7:10:SmartCar.Actor,12:12:SmartCar.LOC,14:21:SmartCar.LOC	довези меня в больницу число	1	1
LightSensor	0:6:LightSensor.COMMAND,8:11:LightSensor.CommandFeature,19:19:LightSensor.Actor,21:26:LightSensor.Action,30:38:LightSensor.LOC	включай свет когда я захожу в гостинную	1	1
AudioSystem	0:6:AudioSystem.COMMAND,8:13:AudioSystem.CommandFeature,21:21:AudioSystem.Actor,23:26:AudioSystem.Action	отключу музыку когда я усну	1	1
AudioSystem	0:6:AudioSystem.COMMAND,8:12:AudioSystem.CommandFeature,20:20:AudioSystem.Actor,22:25:AudioSystem.Action	выключи песню когда я усну	1	1
TemperatureSensor	0:7:TemperatureSensor.COMMAND,9:19:TemperatureSensor.DeviceFeature,32:42:TemperatureSensor.DeviceFeature,24:28:TemperatureSensor.DeviceParameterValue,47:51:TemperatureSensor.DeviceParameterValue	установи температуру на число и кислотность на число	1	1
AudioSystem	13:19:AudioSystem.COMMAND,5:5:AudioSystem.Actor,7:11:AudioSystem.Action,28:32:AudioSystem.DeviceParameterValue	если я засну разбуди меня в число	1	1
Printer	0:6:Printer.COMMAND,8:12:Printer.CommandFeature,14:21:Printer.CommandFeature	отправь бланк название через число секунд	1	1
TemperatureSensor	39:44:TemperatureSensor.COMMAND,46:61:TemperatureSensor.DEVICE,27:37:TemperatureSensor.CommandParameter,21:25:TemperatureSensor.CommandParameterValue,5:6:TemperatureSensor.LOC,8:12:TemperatureSensor.LOC	если на улице больше число температура включи электроотопление	1	1
HeatingFloor	36:41:HeatingFloor.COMMAND,43:50:HeatingFloor.DeviceFeature,52:55:HeatingFloor.DeviceFeature,21:22:HeatingFloor.DeviceParameterValue,14:19:HeatingFloor.IntensityQuantifier	если на улице меньше 10 температура включи подогрев пола	1	1
SmartCar	0:2:SmartCar.Actor,4:11:SmartCar.COMMAND,13:19:SmartCar.COMMAND,24:28:SmartCar.CommandParameterValue,30:40:SmartCar.LOC	мне придется доехать до число поликлиники	1	1
TemperatureSensor	0:10:TemperatureSensor.COMMAND,12:22:TemperatureSensor.DeviceFeature,33:38:TemperatureSensor.DeviceFeature,24:28:TemperatureSensor.LOCCurrent,40:44:TemperatureSensor.DeviceParameterValue	поддерживай температуру здесь на уровне число	1	1
MotionSensor	0:7:MotionSensor.COMMAND,9:12:MotionSensor.CommandFeature,19:19:MotionSensor.Actor,21:23:MotionSensor.Action,28:33:MotionSensor.LOC	выключай свет если я иду из ванной	1	1
LightSensor	22:27:LightSensor.COMMAND,15:20:LightSensor.CommandFeature,29:33:LightSensor.CommandFeature,6:7:LightSensor.LOC,9:13:LightSensor.LOC	ежели за окном солнце открой шторы	1	1
AudioSystem	0:6:AudioSystem.COMMAND,8:13:AudioSystem.CommandFeature,21:21:AudioSystem.Actor,23:32:AudioSystem.Action	включай музыку когда я просыпаюсь	1	1
SmartCar	0:5:SmartCar.COMMAND,7:10:SmartCar.Actor,15:25:SmartCar.LOC	отвези меня до поликлиники завтра	1	1
TemperatureSensor	20:21:TemperatureSensor.COMMAND,23:28:TemperatureSensor.CommandFeature	если  будет холодно то закрой окно	1	1
LightSensor	0:7:LightSensor.COMMAND,9:13:LightSensor.CommandFeature,28:32:LightSensor.CommandFeature,20:26:LightSensor.IntensityQuantifier,9:13:LightSensor.LOC,15:18:LightSensor.LOC	откроешь шторы если слишком темно	1	1
SmartElectricityMeter	0:6:SmartElectricityMeter.COMMAND,8:20:SmartElectricityMeter.CommandFeature,24:30:SmartElectricityMeter.LOC	выключи электричество в спальне	1	1
TVSet	0:4:TVSet.COMMAND,6:9:TVSet.IntensityQuantifier,11:14:TVSet.CommandFeature	делай чуть тише	1	1
SmartFridge	16:20:SmartFridge.COMMAND,22:30:SmartFridge.COMMAND,32:34:SmartFridge.CommandFeature,6:6:SmartFridge.Actor,8:14:SmartFridge.Action	когда я вернусь начни охлаждать сок	1	1
AudioSystem	0:5:AudioSystem.COMMAND,7:18:AudioSystem.DEVICE,25:25:AudioSystem.Actor,27:31:AudioSystem.Action,33:37:AudioSystem.LOC	включи аудиосистему если я приду домой	1	1
TemperatureSensor	0:7:TemperatureSensor.COMMAND,9:11:TemperatureSensor.LOC,15:19:TemperatureSensor.LOC	проветри зал и кухню	1	1
LightSensor	0:6:LightSensor.COMMAND,8:11:LightSensor.CommandFeature,19:19:LightSensor.Actor,21:26:LightSensor.Action,30:37:LightSensor.LOC	включай свет когда я захожу в гостиную	1	1
LightSensor	0:3:LightSensor.COMMAND,5:8:LightSensor.CommandFeature,15:18:LightSensor.Actor,20:22:LightSensor.Action,26:32:LightSensor.LOC	гаси свет если меня нет в спальне	1	1
DoorWindowStatusSensor	0:5:DoorWindowStatusSensor.COMMAND,7:10:DoorWindowStatusSensor.CommandFeature,25:29:DoorWindowStatusSensor.CommandFeature,17:23:DoorWindowStatusSensor.IntensityQuantifier,34:38:DoorWindowStatusSensor.LOC	закрой окно если сильный ветер на улице	1	1
LightSensor	0:6:LightSensor.COMMAND,8:11:LightSensor.CommandFeature,19:19:LightSensor.Actor,21:25:LightSensor.Action,29:35:LightSensor.LOC	включай свет опять я зашёл в спальню	1	1
AudioSystem	0:6:AudioSystem.COMMAND,8:14:AudioSystem.CommandFeature,31:33:AudioSystem.CommandFeature	увеличь частоту чтобы не мешал шум	1	1
SmartFridge	0:2:SmartFridge.ParameterValueQuestion,7:10:SmartFridge.CommandFeature,12:19:SmartFridge.FeatureState	что из пищи осталось	1	1
SmartKettle	14:19:SmartKettle.COMMAND,21:23:SmartKettle.CommandFeature,6:6:SmartKettle.Actor,8:12:SmartKettle.Action	когда я зайду завари чай	1	1
SmartMicrowave	0:6:SmartMicrowave.ParameterValueQuestion,8:11:SmartMicrowave.ParameterValue,13:17:SmartMicrowave.FeatureState,19:21:SmartMicrowave.CommandFeature,25:37:SmartMicrowave.DEVICE	сколько дней стоит суп в микроволновке	1	1
AudioSystem	20:27:AudioSystem.COMMAND,29:33:AudioSystem.COMMAND,35:38:AudioSystem.CommandFeature,42:47:AudioSystem.Action	если будет дождь то сообщить взять зонт с уходом	1	1
SmartOven	0:6:SmartOven.COMMAND,8:11:SmartOven.Actor	покорми меня	1	1
WindowRelay	0:7:WindowRelay.COMMAND,9:11:WindowRelay.LOC	проветри там	1	1
AudioSystem	0:4:AudioSystem.COMMAND,10:14:AudioSystem.CommandFeature,16:19:AudioSystem.IntensityQuantifier	ставь эту песню чаще	1	1
SmartKettle	16:24:SmartKettle.COMMAND,26:28:SmartKettle.CommandFeature,6:6:SmartKettle.Actor,8:14:SmartKettle.Action	когда я вернусь приготовь чай	1	1
TVSet	0:10:TVSet.COMMAND,35:40:TVSet.CommandFeature,25:33:TVSet.Action	подготовить обстановку к просмотру фильма	1	1
WindowRelay	0:9:WindowRelay.COMMAND,11:15:WindowRelay.LOCCurrent,22:22:WindowRelay.Actor,24:27:WindowRelay.Action,31:37:WindowRelay.LOC	проветрите здесь пока я буду в комнате	1	1
TemperatureSensor	0:4:TemperatureSensor.ParameterValueQuestion,14:19:TemperatureSensor.CommandFeature	какая сегодня погода	1	1
TVSet	0:5:TVSet.COMMAND,7:14:TVSet.CommandFeature,21:21:TVSet.Actor,23:26:TVSet.Action	запиши передачи если я усну	1	1
SmartVacuumCleaner	0:10:SmartVacuumCleaner.COMMAND,12:16:SmartVacuumCleaner.LOCCurrent,23:23:SmartVacuumCleaner.Actor,25:28:SmartVacuumCleaner.Action,32:38:SmartVacuumCleaner.LOC	пропылесось здесь пока я буду в комнате	1	1
SmartToaster	0:5:SmartToaster.COMMAND,7:10:SmartToaster.CommandFeature	сделай тост	1	1
TemperatureSensor	11:17:TemperatureSensor.CommandFeature	как сейчас холодно	1	1
CurtainsRelay	0:7:CurtainsRelay.COMMAND,9:17:CurtainsRelay.CommandFeature,32:36:CurtainsRelay.CommandFeature,24:30:CurtainsRelay.IntensityQuantifier	откроешь занавески если слишком темно	1	1
WaterTapRelay	0:5:WaterTapRelay.COMMAND,7:10:WaterTapRelay.CommandFeature,14:18:WaterTapRelay.CommandFeature,22:27:WaterTapRelay.Actor,29:35:WaterTapRelay.Action	набери воду в ванну к нашему приходу	1	1
SmartOven	0:6:SmartOven.ParameterValueQuestion,13:17:SmartOven.CommandFeature,19:21:SmartOven.CommandFeature,25:31:SmartOven.DEVICE	сколько дней стоит суп в духовке	1	1
TemperatureSensor	0:2:TemperatureSensor.LOC,4:10:TemperatureSensor.IntensityQuantifier,12:20:TemperatureSensor.CommandFeature	тут слишком прохладно	1	1
HeaterController	10:15:HeaterController.COMMAND,17:28:HeaterController.DEVICE,32:37:HeaterController.LOC,42:43:HeaterController.DeviceParameterValue,45:51:HeaterController.DeviceParameter	в 8 часов включи обогреватель в ванной на 23 градуса	1	1
CoffeeMachine	0:7:CoffeeMachine.COMMAND,9:12:CoffeeMachine.CommandFeature	подогрей кофе завтра к полуночи	1	1
SmartFridge	0:6:SmartFridge.ParameterValueQuestion,13:20:SmartFridge.CommandFeature,22:26:SmartFridge.CommandFeature,30:41:SmartFridge.DEVICE	сколько дней хранится салат в холодильнике	1	1
Printer	0:5:Printer.COMMAND,7:11:Printer.CommandFeature,13:20:Printer.CommandFeature	сделай копию паспорта	1	1
Lamp	0:6:Lamp.COMMAND,8:11:Lamp.CommandFeature,19:19:Lamp.Actor,21:26:Lamp.Action,30:36:Lamp.LOC	включай свет когда я захожу в спальню	1	1
MotionSensor	0:2:MotionSensor.ParameterValueQuestion,14:19:MotionSensor.CommandFeature,4:7:MotionSensor.Action	кто брал твою машину	1	1
WashingMachine	0:4:WashingMachine.ParameterValueQuestion,17:31:WashingMachine.CommandFeature,33:38:WashingMachine.CommandFeature	когда следуюущий технологический осмотр	1	1
Printer	0:6:Printer.COMMAND,8:15:Printer.CommandFeature	заполни документ	1	1
CurtainsRelay	21:26:CurtainsRelay.COMMAND,28:36:CurtainsRelay.CommandFeature,8:12:CurtainsRelay.LOC	если за окном солнце открой занавески	1	1
DoorWindowStatusSensor	18:24:DoorWindowStatusSensor.COMMAND,5:7:DoorWindowStatusSensor.CommandFeature,13:16:DoorWindowStatusSensor.FeatureState	если кот уже поел выпусти его	1	1
MotionSensor	0:8:MotionSensor.Actor,10:12:MotionSensor.Action,14:17:MotionSensor.LOC	ктонибудь был дома сегодня днем	1	1
Lamp	0:6:Lamp.COMMAND,8:11:Lamp.CommandFeature,19:19:Lamp.Actor,21:27:Lamp.Action,29:33:Lamp.LOC	включай свет когда я прихожу домой	1	1
TemperatureSensor	22:28:TemperatureSensor.COMMAND,30:40:TemperatureSensor.DEVICE,14:17:TemperatureSensor.LOC,5:8:TemperatureSensor.Actor,10:12:TemperatureSensor.Action	если меня нет дома не включай кондиционер	1	1
WaterTapRelay	0:5:WaterTapRelay.COMMAND,7:11:WaterTapRelay.CommandFeature,13:19:WaterTapRelay.Quantifier	сделай напор сильнее	1	1
WaterTapRelay	0:6:WaterTapRelay.COMMAND,8:17:WaterTapRelay.CommandFeature,21:29:WaterTapRelay.LOC	отключи водопровод в гостинной	1	1
MotionSensor	0:9:MotionSensor.COMMAND,17:24:MotionSensor.CommandFeature,26:30:MotionSensor.LOC,32:35:MotionSensor.LOC,37:41:MotionSensor.FeatureState,43:50:MotionSensor.IntensityQuantifier	предупреди когда грузовик сзади меня будет вплотную	1	1
WindowRelay	0:7:WindowRelay.COMMAND,9:13:WindowRelay.LOCCurrent,20:20:WindowRelay.Actor,22:25:WindowRelay.Action,29:34:WindowRelay.LOC	проветри здесь пока я буду в ванной	1	1
SmartBreadMaker	0:8:SmartBreadMaker.COMMAND,10:13:SmartBreadMaker.CommandFeature,17:21:SmartBreadMaker.Actor,23:29:SmartBreadMaker.Action	приготовь хлеб к моему приходу	1	1
AudioSystem	0:6:AudioSystem.COMMAND,8:16:AudioSystem.CommandFeature,18:19:AudioSystem.FeatureStateValue,21:21:AudioSystem.FeatureStateValue,23:28:AudioSystem.FeatureStateValue	увеличь громкость на 4 пункта	1	1
SmartVacuumCleaner	22:24:SmartVacuumCleaner.COMMAND,26:28:SmartVacuumCleaner.CommandFeature,14:17:SmartVacuumCleaner.LOC,5:8:SmartVacuumCleaner.Actor,10:12:SmartVacuumCleaner.Action	если меня нет дома не мой пол	1	1
SmartFeeder	0:4:SmartFeeder.COMMAND	корми пса три раза в день	1	1
WaterTapRelay	0:8:WaterTapRelay.Quantifier,10:17:WaterTapRelay.COMMAND,19:22:WaterTapRelay.CommandFeature	полностью перекрой воду	1	1
SmartOven	0:4:SmartOven.ParameterValueQuestion,6:10:SmartOven.FeatureState,12:17:SmartOven.FeatureState,19:23:SmartOven.CommandFeature	когда будет готова пицца	1	1
WindowRelay	22:27:WindowRelay.COMMAND,11:17:WindowRelay.CommandFeature,29:32:WindowRelay.CommandFeature	если будет холодно то закрой окно	1	1
SmartIron	29:35:SmartIron.COMMAND,5:8:SmartIron.DEVICE,18:24:SmartIron.DeviceState	если утюг всё еще включен то выключи его	1	1
HeaterController	10:15:HeaterController.COMMAND,33:37:HeaterController.LOC,17:28:HeaterController.DEVICE	в 5 часов включи обогреватель на кухне	1	1
AudioSystem	0:7:AudioSystem.COMMAND,9:16:AudioSystem.CommandFeature,24:24:AudioSystem.Actor,26:30:AudioSystem.Action	прочитай передачи тогда я засну	1	1
WashingMachine	0:7:WashingMachine.COMMAND,12:13:WashingMachine.DeviceParameterValue,15:22:WashingMachine.DeviceParameter	постирай на 90 градусах	1	1
WindowRelay	19:24:WindowRelay.COMMAND,11:17:WindowRelay.CommandFeature,26:29:WindowRelay.CommandFeature	если будет холодно закрой окно	1	1
WaterTapRelay	0:5:WaterTapRelay.COMMAND,7:15:WaterTapRelay.CommandFeature,7:15:WaterTapRelay.Quantifier	сделай погорячее	1	1
SmartFridge	0:4:SmartFridge.ParameterValueQuestion,9:16:SmartFridge.Action,18:25:SmartFridge.CommandFeature	нужно ли покупать продукты	1	1
WaterTapRelay	0:4:WaterTapRelay.COMMAND,6:10:WaterTapRelay.CommandFeature,14:19:WaterTapRelay.CommandFeature	помой ягоды и огурцы	1	1
Lamp	0:7:Lamp.COMMAND,9:12:Lamp.CommandFeature,20:20:Lamp.Actor,22:24:Lamp.Action,29:35:Lamp.LOC	выключай свет когда я иду из санузла	1	1
SmartVacuumCleaner	0:6:SmartVacuumCleaner.COMMAND,8:12:SmartVacuumCleaner.LOCCurrent,19:19:SmartVacuumCleaner.Actor,21:24:SmartVacuumCleaner.Action,29:33:SmartVacuumCleaner.LOC	подмети здесь пока я буду на кухне	1	1
Printer	0:9:Printer.COMMAND,11:18:Printer.CommandFeature	распечатай документ спустя 2 часа	1	1
HeaterController	22:27:HeaterController.COMMAND,14:20:HeaterController.CommandFeature,29:35:HeaterController.DeviceFeature,8:12:HeaterController.LOC	если на улице холодно включи батарею	1	1
CurtainsRelay	21:26:CurtainsRelay.COMMAND,28:32:CurtainsRelay.CommandFeature,8:12:CurtainsRelay.LOC	если за окном солнце открой шторы	1	1
Phone	0:5:Phone.COMMAND,7:16:Phone.CommandFeature,18:30:Phone.CommandFeature,35:43:Phone.DEVICE,7:16:Phone.Analytics,18:30:Phone.Analytics	выведи статистику прослушиваний на мобильник	1	1
SmartFeeder	20:26:SmartFeeder.COMMAND	кот давненько не ел покорми его	1	1
Lamp	0:5:Lamp.COMMAND,7:10:Lamp.CommandFeature	ослабь свет и включи успокаивающую музыку	1	1
CurtainsRelay	0:4:CurtainsRelay.ParameterValueQuestion,20:28:CurtainsRelay.CommandFeature,30:34:CurtainsRelay.CommandFeature	когда последний раз открывали шторы	1	1
MotionSensor	0:5:MotionSensor.COMMAND,7:16:MotionSensor.CommandFeature,24:24:MotionSensor.Actor,26:28:MotionSensor.Action,30:34:MotionSensor.LOC	снимай парктроник когда я иду домой	1	1
SmartVacuumCleaner	0:12:SmartVacuumCleaner.COMMAND,14:18:SmartVacuumCleaner.LOCCurrent,27:27:SmartVacuumCleaner.Actor,29:32:SmartVacuumCleaner.Action,37:41:SmartVacuumCleaner.LOC	пропылесосить здесь покуда я буду на кухне	1	1
TemperatureSensor	0:2:TemperatureSensor.ParameterValueQuestion,4:8:TemperatureSensor.LOCCurrent,10:12:TemperatureSensor.IntensityQuantifier,14:18:TemperatureSensor.CommandFeature	что здесь так душно	1	1
TemperatureSensor	11:13:TemperatureSensor.IntensityQuantifier,15:19:TemperatureSensor.CommandFeature,0:2:TemperatureSensor.Actor	мне сейчас так жарко	1	1
Printer	0:9:Printer.COMMAND,11:18:Printer.CommandFeature	распечатай документ через 5 минут	1	1
TemperatureSensor	5:10:TemperatureSensor.COMMAND,12:23:TemperatureSensor.DEVICE,27:33:TemperatureSensor.LOC	днем включи обогреватель в спальне	1	1
SmartIron	0:6:SmartIron.COMMAND,8:11:SmartIron.DEVICE,16:21:SmartIron.DeviceParameterValue	поставь утюг на шерсть	1	1
FloorLite	0:7:FloorLite.COMMAND,9:12:FloorLite.CommandFeature,17:21:FloorLite.LOC	подсвети путь на кухню	1	1
SmartFridge	6:13:SmartFridge.CommandFeature,27:31:SmartFridge.CommandFeature	у нас найдутся какиенибудь овощи	1	1
FloorLite	0:5:FloorLite.COMMAND,17:17:FloorLite.CommandFeature	включи подсветку к 7 вечера	1	1
SmartFeeder	23:29:SmartFeeder.COMMAND,5:9:SmartFeeder.CommandFeature,11:15:SmartFeeder.FeatureState,17:18:SmartFeeder.FeatureState,20:21:SmartFeeder.FeatureState	если песик давно не ел покорми его	1	1
CurtainsRelay	0:5:CurtainsRelay.COMMAND,27:31:CurtainsRelay.CommandFeature,19:25:CurtainsRelay.IntensityQuantifier	открой жалюзи если слишком темно	1	1
WaterTapRelay	0:5:WaterTapRelay.COMMAND,7:10:WaterTapRelay.CommandFeature	включи воду	1	1
CurtainsRelay	0:5:CurtainsRelay.COMMAND,7:11:CurtainsRelay.CommandFeature	закрой шторы в 9 вечера	1	1
Lamp	0:7:Lamp.COMMAND,9:12:Lamp.CommandFeature	приглуши свет или включи расслабляющую музыку	1	1
HeaterController	11:16:HeaterController.IntensityQuantifier,18:24:HeaterController.CommandFeature	разумеется совсем холодно	1	1
SmartFridge	0:4:SmartFridge.ParameterValueQuestion,12:15:SmartFridge.CommandFeature,17:21:SmartFridge.CommandFeature	какие у нас есть орехи	1	1
Lamp	0:7:Lamp.COMMAND,9:12:Lamp.CommandFeature,19:19:Lamp.Actor,21:26:Lamp.Action,31:37:Lamp.LOC	выключай свет если я выхожу из спальни	1	1
TemperatureSensor	8:15:TemperatureSensor.ParameterValueQuestion,20:24:TemperatureSensor.LOC	сколько градусов на улице	1	1
TVSet	0:5:TVSet.COMMAND,7:15:TVSet.DEVICE	включи телевизор	1	1
SmartElectricityMeter	0:6:SmartElectricityMeter.COMMAND,8:20:SmartElectricityMeter.CommandFeature,24:30:SmartElectricityMeter.LOC	включай электричество в комнате	1	1
CoffeeMachine	14:19:CoffeeMachine.COMMAND,6:6:CoffeeMachine.Actor,8:12:CoffeeMachine.Action,21:24:CoffeeMachine.CommandFeature	когда я зайду сделай кофе	1	1
AudioSystem	0:7:AudioSystem.COMMAND,9:16:AudioSystem.CommandFeature,23:23:AudioSystem.Actor,25:29:AudioSystem.Action	прочитай передачи если я засну	1	1
AudioSystem	0:6:AudioSystem.COMMAND,8:13:AudioSystem.CommandFeature,20:20:AudioSystem.Actor,22:25:AudioSystem.Action	отключи музыку если я лягу	1	1
HeaterController	0:9:HeaterController.COMMAND,11:21:HeaterController.DeviceParameter,26:27:HeaterController.DeviceParameterValue,29:35:HeaterController.DeviceParameterValue	установить температуру на 23 градуса	1	1
CurtainsRelay	23:28:CurtainsRelay.COMMAND,30:34:CurtainsRelay.CommandFeature,12:16:CurtainsRelay.LOC	допустим за окном небо закрой шторы	1	1
SmartFeeder	0:2:SmartFeeder.Actor,4:10:SmartFeeder.Action,12:14:SmartFeeder.CommandFeature,16:22:SmartFeeder.IntensityQuantifier,30:32:SmartFeeder.FeatureState	мне кажется кот слишком много ест	1	1
Lamp	0:7:Lamp.COMMAND,9:12:Lamp.CommandFeature,20:23:Lamp.Actor,25:27:Lamp.Action,29:29:Lamp.LOC	выключай свет когда меня нет в комнате	1	1
WashingMachine	0:6:WashingMachine.ParameterValueQuestion,22:22:WashingMachine.Actor,24:29:WashingMachine.Action	сколько раз за неделю я стирал	1	1
SmartElectricityMeter	0:6:SmartElectricityMeter.COMMAND,8:20:SmartElectricityMeter.CommandFeature,24:29:SmartElectricityMeter.LOC	выключи электричество в ванной	1	1
MotionSensor	0:4:MotionSensor.Actor,6:12:MotionSensor.Action,14:17:MotionSensor.LOC	ктото остался дома сегодня днем	1	1
DoorWindowStatusSensor	22:27:DoorWindowStatusSensor.COMMAND,16:20:DoorWindowStatusSensor.CommandFeature,29:33:DoorWindowStatusSensor.CommandFeature	если становится жарко закрой дверь	1	1
SmartElectricityMeter	0:6:SmartElectricityMeter.ParameterValueQuestion,30:42:SmartElectricityMeter.CommandFeature	сколько в этом месяце было за электричество	1	1
TemperatureSensor	22:27:TemperatureSensor.COMMAND,14:20:TemperatureSensor.CommandFeature,29:37:TemperatureSensor.CommandFeature	если на улице холодно включи отопление	1	1
AudioSystem	0:7:AudioSystem.COMMAND,9:13:AudioSystem.CommandFeature,21:29:AudioSystem.CommandFeature	добавляй песню в мою коллекцию	1	1
SmartOven	0:4:SmartOven.COMMAND,6:12:SmartOven.CommandFeature	подай печенье на зватрак	1	1
CoffeeMachine	12:19:CoffeeMachine.COMMAND,33:36:CoffeeMachine.LOC,21:29:CoffeeMachine.DEVICE	каждый день проверяй кофеварку в доме	1	1
SmartElectricityMeter	0:7:SmartElectricityMeter.COMMAND,9:12:SmartElectricityMeter.CommandFeature,20:20:SmartElectricityMeter.Actor,22:26:SmartElectricityMeter.Action,31:37:SmartElectricityMeter.LOC	выключай свет когда я выйду из комнаты	1	1
WindowRelay	18:23:WindowRelay.COMMAND,12:16:WindowRelay.CommandFeature,25:28:WindowRelay.CommandFeature	ежели будет жарко закрой окно	1	1
Humidifier	0:7:Humidifier.COMMAND,9:17:Humidifier.DeviceParameter,22:22:Humidifier.DeviceParameterValue	установи влажность на 8 и температуру на 23	1	1
WaterTapRelay	0:5:WaterTapRelay.COMMAND,7:12:WaterTapRelay.CommandFeature	набери ванную	1	1
WashingMachine	9:17:WashingMachine.CommandState,19:24:WashingMachine.CommandFeature	доложи о соcтоянии одежды	1	1
SmartOven	0:8:SmartOven.COMMAND,26:30:SmartOven.CommandFeature,10:12:SmartOven.Actor	приготовь мне какиенибудь овощи	1	1
WindowStatusSensor	0:7:WindowStatusSensor.COMMAND,9:15:WindowStatusSensor.LOC	проветри спальню ко сну	1	1
AudioSystem	0:8:AudioSystem.COMMAND,10:18:AudioSystem.CommandFeature	увеличьте громкость чтобы не мешал стук	1	1
Lamp	0:5:Lamp.COMMAND,7:19:Lamp.CommandFeature,23:29:Lamp.LOC	включи электричество в спальне	1	1
SmartElectricityMeter	0:6:SmartElectricityMeter.ParameterValueQuestion,20:20:SmartElectricityMeter.Actor,22:29:SmartElectricityMeter.Action	сколько в этом году я заплатил за свет	1	1
WaterTapRelay	0:0:WaterTapRelay.Actor,2:8:WaterTapRelay.Action,10:16:WaterTapRelay.Action,18:23:WaterTapRelay.CommandFeature	я пытаюсь принять ванную	1	1
Lamp	0:6:Lamp.COMMAND,8:11:Lamp.CommandFeature,19:19:Lamp.Actor,21:26:Lamp.Action,30:37:Lamp.LOC	включай свет когда я захожу в гостиную	1	1