WaterSupplySensor	0:5:COMMAND,7:15:CommandFeature	включи фонтанчик
HeaterController	8:14:COMMAND,16:18:Actor,20:30:CommandFeature,34:40:LOC,2:6:DeviceParameterValue	в время отправь мне температуру в спальне
TemperatureSensor	0:5:COMMAND,7:11:CommandFeature,13:22:CommandFeature,26:29:LOC	покажи карту температур в доме
AudioSystem	0:11:COMMAND,13:18:CommandFeature,20:24:CommandFeature,26:29:CommandFeature,31:33:CommandFeature,35:41:CommandFeature	воспроизведи альбом abbey road the beatles
WaterSupplySensor	6:8:Quantor,10:19:Action,21:27:COMMAND,29:34:CommandFeature,38:46:CommandFeature	когда все разойдутся выключи фонтан и подсветку 
AudioSystem	0:5:COMMAND,7:10:IntensityQuantifier,12:15:CommandFeature	сделай чуть тише
AudioSystem	0:4:RequestQuestion,6:10:CommandFeature,12:12:Actor,14:19:Action,21:24:Analytics,26:30:Analytics	какую песню я слушаю реже всего
SmartKettle	10:13:COMMAND,39:45:COMMAND,3:8:CommandFeature,15:18:Actor,22:26:CommandParameterValue,47:52:DEVICE	по будням буди меня в время часов утра включай чайник
SmartFridge	0:2:ParameterValueQuestion,7:9:CommandFeature,11:18:FeatureState	что из еды осталось
WaterSupplySensor	0:8:Quantifier,10:17:COMMAND,19:22:CommandFeature	полностью перекрой воду
WindowRelay	0:7:Command	проветри сейчас
CoffeeMachine	0:4:CommandQuestion,6:15:DEVICE,25:31:LOC	какая кофемашина стоит в комнате
AudioSystem	0:6:COMMAND,19:30:CommandFeature,32:38:CommandFeature	запусти плейлист с танцевальной музыкой
MotionSensor	0:7:COMMAND,9:19:CommandFeature,21:25:CommandFeature,29:33:CommandParameterValue,43:47:CommandParameterValue	имитируй присутствие людей с число июня до число июля
SmartVacuumCleaner	0:6:COMMAND,8:17:COMMAND	начинай пылесосить
SmartCar	0:4:ParameterValueQuestion,16:26:CommandFeature,28:33:CommandFeature	когда следующий технический осмотр
Phone	0:4:RequestQuestion,13:19:Actor,6:11:Action,27:31:CommandParameterValue	когда придет автобус номер число
Lighting	0:5:COMMAND,7:12:CommandFeature	сделай светло
AlarmClock	21:27:COMMAND,40:44:DeviceParameterValue	если завтра выходной разбуди меня через число часов после выключения света в комнате
HeaterController	10:16:COMMAND,0:8:DEVICE	отопление включай за два часа до прихода отключай при выходе
SmartFridge	0:5:Action,7:9:CommandFeature,13:23:DEVICE	ставлю суп в холодильник
Phone	0:6:RequestQuestion,11:17:CommandFeature,19:23:Action,28:29:LOC,31:35:LOC,37:47:LOC	сколько по времени ехать до ст метро горьковская
Lamp	0:4:COMMAND,6:13:CommandFeature	зажги фонарики а свет под навесом выключи
SmartFridge	37:43:RequestQuestion,25:32:COMMAND,45:54:FeatureState,56:58:FeatureState,60:65:Quantor,67:73:CommandFeature	если было взято спиртное посчитай на сколько уменьшился вес каждой бутылки
SmartOven	30:38:COMMAND,24:28:DEVICE	когда чтото подгорит на плите выключить ее и установить вытяжку на максимальный режим
SmartElectricityMeter	0:9:COMMAND,11:19:CommandFeature,21:29:CommandFeature	распечатай показания счетчиков
WashingMachine	0:5:COMMAND,7:12:CommandFeature,22:26:CommandFeature	включи стирку а потом отжим
Printer	13:21:COMMAND,27:32:CommandFeature,34:39:CommandFeature,41:48:CommandFeature,23:25:Actor	к время утра напечатай мне свежий выпуск новостей
Lamp	0:5:COMMAND,7:10:CommandFeature	ослабь свет и включи успокаивающую музыку
WaterSupplySensor	0:7:COMMAND,9:11:FeatureState,16:23:CommandFeature,59:71:DEVICE,73:78:DEVICE,32:36:CommandParameterValue	проверяй нет ли протечки каждые число минуты пока включена посудомоечная машина
Phone	0:5:COMMAND,7:16:CommandFeature,18:23:CommandFeature	сделай панорамный снимок
TemperatureSensor	21:26:COMMAND,28:31:DeviceFeature	если станет жарко то открой окно
Phone	20:28:COMMAND,30:34:COMMAND,36:39:CommandFeature,47:53:Action	если будет дождь то напомнить взять зонт перед выходом
HeatingFloor	0:5:COMMAND,7:14:DeviceFeature,16:19:DeviceFeature	включи подогрев пола
SmartFeeder	0:6:COMMAND,8:14:CommandFeature	покорми попугая
WindowRelay	0:10:COMMAND,12:20:CommandFeature,63:69:CommandFeature,71:80:CommandFeature,29:33:DeviceParameterValue,51:55:DeviceParameterValue	проветривай помещение каждые число минут в течение число минут избегая сквозняков
HeaterController	4:10:CommandFeature,0:2:Actor	мне холодно
Lighting	0:5:COMMAND,7:15:LOC	освети помещение
MotionSensor	0:8:COMMAND,10:20:CommandFeature	отправить уведомление если было зафиксировано движение в период с время до время в будни
WindowRelay	0:4:ParameterValueQuestion,28:36:CommandFeature,20:26:Action,6:14:Analytics,16:18:Analytics	когда последний раз снимали занавески
SmartFridge	0:6:ParameterValueQuestion,11:16:DEVICE,18:28:DEVICE,30:39:CommandFeature	требует ли данный холодильник разморозки если требует то как часто холодильник нужно размораживать
HeaterController	8:13:COMMAND,15:26:DEVICE,31:35:LOC,40:44:DeviceParameterValue	в время включи обогреватель на кухне на число
CurtainsRelay		если за окном солнце закрой шторы
Humidifier	0:7:COMMAND,9:19:DEVICE,21:27:DEVICE	включить увлажнитель воздуха если дома ктото есть а влажность ниже число
Quadrocopter	0:3:COMMAND,5:6:CommandFeature,8:11:CommandFeature	лети за мной
SmartElectricityMeter	0:6:ParameterValueQuestion,32:35:Action,37:45:Action,8:15:ParameterFeature,17:30:ParameterFeature,47:48:Duration,50:58:Duration,60:64:Duration	сколько киловатт электроэнергии было потрачено за последний месяц
Lighting	0:6:COMMAND,8:14:CommandFeature	прибавь яркости
AudioSystem	0:4:RequestQuestion,6:11:CommandFeature,13:13:Actor,15:20:Action,22:25:Analytics,27:31:Analytics	какой альбом я слушал чаще всего в этом месяце
Lamp	0:5:COMMAND,7:13:LOC	освети комнату
SmartCar	0:8:Actor,19:24:CommandFeature,10:13:Action	ктонибудь брал мою машину сегодня
AlarmClock	0:4:COMMAND,18:26:DEVICE,31:35:DeviceParameter	ставь каждый день будильник на время
SmartFridge	0:4:COMMAND,6:11:Quantor,13:16:CommandFeature	делай больше льда
Lamp	0:5:COMMAND,7:14:CommandFeature,16:19:CommandFeature	погаси основной свет
SmartFridge	2:13:DEVICE,15:19:FeatureState,21:32:CommandFeature	в холодильнике много испорченного
SmartElectricityMeter	0:6:ParameterValueQuestion,20:20:Actor,22:29:Action	сколько в этом году я заплатил за свет
AudioSystem	0:5:COMMAND,19:23:LOC,7:14:DEVICE	включи динамики на кухне и выключи в гостинной
SmartCar	0:4:ParameterValueQuestion,16:17:CommandFeature	когда следующее то
CurtainsRelay	0:7:COMMAND,9:12:CommandFeature	занавесь окно
AudioSystem	0:6:COMMAND,8:16:CommandFeature	увеличь громкость чтобы не мешал шум 
SmartFeeder	0:1:COMMAND,3:7:COMMAND,9:12:CommandFeature,18:22:IntensityQuantifier	не корми кота так часто
Quadrocopter	0:5:COMMAND,7:15:CommandFeature	снимай местность и если увидишь дым сообщи
FloorLite	0:7:COMMAND,9:12:CommandFeature,17:21:LOC	подсвети путь на кухню 
CoffeeMachine	12:19:COMMAND,34:37:LOC,21:30:DEVICE	каждый день проверяй кофемашину в доме
CoffeeMachine	0:6:RequestQuestion,13:20:Analytics,8:11:DeviceFeature	сколько кофе осталось
Quadrocopter	0:5:COMMAND,7:15:CommandFeature,22:28:FeatureState,30:35:DeviceFeature,37:43:DeviceFeature	снимай местность пока хватает заряда батареи потом вернись
MotionSensor	0:6:COMMAND,8:11:CommandFeature	осмотри поле если увидишь чтото необычное сообщи
SmartCar	0:4:COMMAND,14:27:COMMAND,6:10:CommandFeature	найти место и припарковаться
SmartOven	0:8:COMMAND,10:12:Actor,14:16:CommandFeature	приготовь мне еды к время
Lamp	0:7:COMMAND,54:62:COMMAND,16:22:LOC,9:12:CommandFeature,36:41:Actor,92:96:CommandParameter,86:90:CommandParameterValue	включить свет в санузле при наличии внутри коголибо и выключить если никого нет более число минут
SmartFridge	0:1:COMMAND,3:10:COMMAND,12:16:Actor,18:22:Action,24:31:CommandFeature	не разрешай детям брать спиртное
Phone	49:55:COMMAND,60:66:FeatureState,12:17:CommandFeature,22:30:CommandFeature,32:36:CommandFeature,40:47:LOC,5:10:Action,12:17:Action	хочу купить билеты на лебединое озеро в мариинке проверь их наличие
CoffeeMachine	42:48:COMMAND,50:60:CommandFeature,65:71:DEVICE	если кофе в кофемашине останется число то отправь уведомление на телефон
SmartCar	0:4:COMMAND,6:15:COMMAND,17:22:DEVICE	начни прогревать машину
DoorRelay	0:9:COMMAND,11:15:CommandFeature,17:18:CommandFeature,20:23:CommandFeature	заблокируй двери на вход
SmartCar	0:4:RequestQuestion,6:12:CommandFeature,21:27:DeviceFeature,6:12:Analytics,31:41:Analytics,46:53:Analytics	какой средний расход бензина в зависимости от заправки был за последние полгода
TVSet	0:2:DeviceQuestion,4:8:DeviceFeature,13:22:DEVICE	где пульт от телевизора
AudioSystem	0:7:COMMAND,9:13:CommandFeature	пропусти песню
WindowRelay	0:10:COMMAND	проветривай каждые число часа
WindowRelay	0:9:COMMAND,11:17:LOC	проветрить комнату если содержание углекислого газа будет выше число
TVSet	26:32:Action,15:24:DEVICE,6:10:CommandFeature	опять пульт от телевизора потерял
Phone	0:6:COMMAND,11:19:CommandFeature	заплати за отопление
Phone	0:2:Actor,4:8:COMMAND,10:18:COMMAND,23:27:CommandParameterValue,29:39:LOC	мне нужно добраться до число поликлиники
AudioSystem	0:6:COMMAND,8:16:CommandFeature,18:19:FeatureStateValue,21:23:FeatureStateValue,25:30:FeatureStateValue	увеличь громкость на два пункта
DoorRelay	0:6:COMMAND,8:14:FeatureState,19:25:CommandFeature,27:31:CommandFeature,35:40:CommandFeature,42:47:CommandFeature	проверь закрыты ли входная дверь и ворота гаража
SmartFridge	0:5:COMMAND,19:25:CommandFeature,27:35:CommandFeature,40:44:DeviceParameterValue	включи в морозилке быструю заморозку на число минут
WindowRelay	0:7:COMMAND,9:11:CommandFeature,15:19:CommandFeature	проветри зал и кухню
Lamp	0:7:COMMAND,9:20:CommandFeature,22:30:CommandFeature,37:37:Actor,39:40:Action,42:45:Action	имитируй повседневное освещение пока я не дома
HeaterController	0:5:COMMAND,7:12:CommandFeature	сделай теплее
SmartFridge	0:3:ParameterValueQuestion,5:6:ParameterValueQuestion,8:11:LOC,13:21:CommandFeature,23:27:CommandFeature	есть ли дома сливочное масло
Lighting	0:6:RequestQuestion,8:15:CommandFeature,17:26:FeatureState	сколько лампочек перегорело
SmartCar	0:6:DeviceQuestion,27:32:DEVICE,27:32:Actor,19:25:Action,8:17:CommandFeature	сколько километров проедет машина
Lamp	0:1:COMMAND,3:9:COMMAND,11:14:CommandFeature,37:44:Actor,46:53:Actor,31:35:Action,23:29:LOC	не включай свет если в комнату зашло домашнее животное
SmartCar	0:9:COMMAND	предупреди если автомобиль сзади меня будет очень близко
AudioSystem	0:5:COMMAND,7:16:CommandFeature,18:30:CommandFeature,35:41:DEVICE,7:16:Analytics,18:30:Analytics	выведи статистику прослушиваний на телефон
SmartFridge	0:6:RequestQuestion,8:11:CommandFeature,13:20:Analytics	сколько мяса осталось
SmartElectricityMeter	0:4:RequestQuestion,6:15:Actor,17:26:Action,28:37:CommandFeature,39:48:CommandFeature,50:56:CommandFeature,6:15:Analytics,28:37:Analytics,39:48:Analytics,50:56:Analytics	какие устройства потребляют наибольшее количество энергии в течение дня
Lighting	0:5:COMMAND,14:17:CommandFeature,7:12:Quantor	сделай слабее свет
Lighting	0:5:COMMAND,7:11:CommandFeature	сделай темно
SmartFridge	0:5:COMMAND,7:12:CommandFeature,14:22:CommandFeature	покажи список продуктов
WashingMachine	40:45:COMMAND,6:15:DEVICE,17:22:DEVICE,24:31:CommandFeature,33:38:CommandFeature,47:50:Actor	когда стиральная машина закончит стирку сообщи мужу
AudioSystem	0:5:COMMAND,7:12:CommandFeature,14:17:Quantor	сделай музыку тише если зазвонит телефон или позвонят в дверь
Lamp	0:5:COMMAND,7:10:CommandFeature	потуши свет
Quadrocopter	0:9:COMMAND,11:14:CommandFeature	осматривай поле и показывай видео на сервер дальнейшие команды получай от него
WaterSupplySensor	0:7:COMMAND,9:14:CommandFeature,16:19:CommandFeature	перекрой подачу воды и включи слив если бассейн наполнится выше заданного уровня
WaterTapRelay	0:6:COMMAND,8:14:FeatureState,16:21:CommandFeature,25:29:Actor,31:37:Action	наполни горячую ванную к моему приходу
SmartCar	0:2:ParameterValueQuestion,9:11:CommandFeature,13:18:CommandFeature,4:7:Action,20:26:Duration	кто брал мою машину сегодня
CurtainsRelay	0:4:COMMAND,6:10:CommandFeature	убери шторы
SmartVacuumCleaner	0:10:COMMAND,12:14:LOC	пропылесось зал
SmartFridge	0:6:ParameterValueQuestion,8:11:ParameterValue,13:17:FeatureState,19:21:CommandFeature,25:36:DEVICE	сколько дней стоит суп в холодильнике
Lamp	0:3:COMMAND,5:8:CommandFeature,15:18:Actor,20:22:Action,26:32:LOC	гаси свет если меня нет в комнате
HeaterController	14:18:CommandFeature,6:12:IntensityQuantifier,0:4:LOCCurrent	здесь слишком жарко
TemperatureSensor	0:6:Action,8:18:CommandFeature,20:31:FeatureState,33:39:FeatureState	помоему температура определяется неверно
Lamp	0:6:COMMAND,8:11:CommandFeature,19:19:Actor,21:26:Action,30:36:LOC	включай свет когда я захожу в комнату
Phone	2:5:RequestQuestion,11:13:RequestQuestion,17:20:Action,22:27:Action,15:15:Actor,29:33:CommandFeature	у кого или как я могу купить билет
WindowRelay	16:23:COMMAND,2:8:LOCCurrent,2:8:LOC	в комнате душно проветри
SmartElectricityMeter	21:26:COMMAND,28:36:CommandFeature,40:48:CommandFeature,52:59:LOC	кажду неделю в время снимай показания с счетчиков в квартире
DoorRelay	0:4:DeviceQuestion,9:14:DeviceFeature,18:21:LOC,30:36:FeatureState	какие из дверей в доме сейчас открыты
WaterSupplySensor	0:0:Actor,2:5:Action,7:13:Action,15:19:CommandFeature	я хочу принять ванну
SmartCar	0:6:RequestQuestion,8:8:Actor,10:16:Action,18:27:DeviceFeature	сколько я проехал километров
AudioSystem	0:6:COMMAND,8:19:DEVICE,27:27:Actor,29:35:Action,37:41:LOC	включай аудиосистему когда я прихожу домой
SmartIron	26:34:COMMAND,5:8:DEVICE,18:24:DeviceState	если утюг всё еще включен отключить его
SmartElectricityMeter	0:8:RequestQuestion,10:19:CommandFeature,29:36:FeatureState,38:38:LOC,40:43:LOC	перечисли устройства которые включены в доме в данный момент
AudioSystem	0:6:COMMAND,8:13:CommandFeature,21:21:Actor,23:27:Action	отключи музыку когда я засну
TemperatureSensor	0:6:RequestQuestion,15:22:ParameterValueQuestion,27:31:LOC	сколько сейчас градусов на улице
SmartKettle	2:6:RequestQuestion,8:11:CommandFeature,13:18:CommandFeature,20:20:CommandFeature,20:20:Actor,22:27:Quantor,29:31:Action,41:47:DEVICE	в какой день недели я больше пью воды из чайника
SmartCar	3:9:DeviceQuestion,11:17:DeviceQuestion,19:24:FeatureState,26:32:DeviceFeature	на сколько времени хватит топлива
WaterSupplySensor	0:6:ParameterValueQuestion,13:21:Action,8:11:DeviceFeature	сколько воды потрачено
AudioSystem	0:6:COMMAND,8:17:СommandFeature,19:26:СommandFeature,28:33:СommandFeature,37:41:Actor,43:49:Aсtion	включай ежедневную подборку музыки к моему приходу
HeaterController	36:42:COMMAND,44:52:DEVICE,5:6:LOC,8:12:LOC,14:19:Quantor,21:25:CommandParameterValue,27:34:CommandParameter	eсли на улице больше число градусов отключи отопление
WashingMachine	0:6:ParameterValueQuestion,21:21:Actor,23:28:Action	сколько раз за месяц я стирал
SmartCar	31:37:COMMAND,45:51:COMMAND,74:81:COMMAND,39:43:CommandFeature,61:70:CommandFeature,83:91:CommandFeature,93:102:FeatureState,6:6:Actor,8:11:Action,13:19:Action	когда я буду уходить на работу открыть гараж выгнать из него автомобиль и оставить двигатель работающим
TVSet		запиши передачу если я усну
Lamp	0:5:COMMAND,7:10:CommandFeature	ослабь свет и запусти плейлист с успокаивающей музыкой
SmartFeeder	11:17:Action,0:1:Actor,19:22:CommandFeature,3:9:Duration	ты сегодня кормила кота
WashingMachine	0:6:COMMAND,8:17:DEVICE,19:24:DEVICE,28:32:CommandParameterValue	включай стиральную машину в время каждое четное число месяца
Lamp	0:5:COMMAND,7:17:CommandFeature	включи светомузыку
HeaterController	0:4:LOC,6:12:IntensityQuantifier	здесь слишком холодно
SmartVacuumCleaner	0:0:LOC,2:5:LOC,7:9:LOC,11:16:LOC,18:18:LOC,20:26:LOC	в углу под столом в комнате осталась пыль
AudioSystem	21:27:COMMAND,29:34:CommandFeature,39:44:DEVICE,15:19:DeviceParameterValue	каждый вечер в время включай музыку на плеере
TemperatureSensor	0:7:COMMAND,9:19:CommandParameter,32:40:CommandParameter,24:28:CommandParameterValue,45:49:CommandParameterValue	установи температуру на число и влажность на число
WindowRelay	0:10:COMMAND	проветривай во время моего сна
Lighting	15:20:COMMAND,22:30:CommandFeature,32:38:CommandFeature	когда стемнеет включи подсветку фонтана
SmartFeeder	0:2:Actor,4:10:Action,12:14:CommandFeature,16:22:IntensityQuantifier,30:32:FeatureState	мне кажется кот слишком много ест
Lamp	0:6:COMMAND,8:11:CommandFeature,19:19:LOC,21:27:LOC,29:34:Action,36:42:Action	включай свет когда в комнате начнет темнеть
SmartElectricityMeter	0:5:COMMAND,7:15:CommandFeature,17:23:CommandFeature	включи резервное питание
AlarmClock	12:18:COMMAND,20:23:CommandFeature,5:5:Actor,7:10:Action	если я усну разбуди меня
AlarmClock	0:6:COMMAND,18:26:DEVICE,31:35:DeviceParameterValue,72:74:CommandFeature,76:80:CommandFeature,82:82:CommandFeature,84:94:CommandFeature,96:106:CommandFeature,108:116:CommandFeature	поставь на завтра будильник на время часов в качестве мелодии используй шум дождя с постепенным увеличением громкости в течении получаса
Phone	0:1:RequestQuestion,3:5:RequestQuestion,7:7:Actor,9:13:Action,15:21:Action,26:30:LOC	на чем я смогу доехать до ашана
Humidifier	52:62:COMMAND,52:62:CommandFeature	если уровень влажности в комнате меньше n то включи увлажнитель
CoffeeMachine	0:4:COMMAND,6:9:CommandFeature,20:24:DeviceParameterValue	свари кофе завтра к число утра
Printer	0:9:COMMAND,11:18:CommandFeature,20:27:CommandFeature	распечатай документ название через число минут
SmartBreadMaker	0:5:COMMAND,7:10:CommandFeature	сделай тост
AudioSystem	0:4:COMMAND,6:9:CommandFeature,13:16:CommandFeature,18:22:CommandFeature,27:33:CommandFeature	найди клип к этой песне на youtube и воспроизведи его на телефоне
Phone	0:8:COMMAND,10:16:CommandFeature,21:33:CommandFeature	потребляй энергию из аккумуляторов если она закончится потребляй из электросети
DoorRelay	32:35:COMMAND,37:39:DeviceFeature	когда открывается входная дверь грей пол
SmartOven	0:5:COMMAND,7:13:CommandFeature,17:21:CommandParameterValue	включи готовку в время вечера
SmartBreadMaker	0:8:COMMAND,10:13:CommandFeature	приготовь хлеб
Phone	0:6:COMMAND,8:14:CommandFeature	позвони мастеру
Lamp	0:7:COMMAND,9:12:CommandFeature,20:20:Actor,22:27:Action,32:38:LOC	выключай свет когда я выхожу из комнаты
Quadrocopter	0:9:COMMAND,11:14:CommandFeature	осматривай поле и показывай видео оператору
WaterSupplySensor	0:8:COMMAND,10:22:CommandFeature,24:24:LOC,26:32:LOC	перекрыть водоснабжение в комнате если на полу обнаружена вода и не зафиксировано движения в течение число минут
WaterTapRelay	0:4:CommandFeature,14:19:Quantifier,6:12:IntensityQuantifier	напор слишком слабый
AudioSystem	0:6:IntensityQuantifier	слишком тихо
AudioSystem	0:5:COMMAND,7:11:CommandFeature,13:17:CommandFeature,28:35:DEVICE	выведи текст песни на экран телефона
SmartVacuumCleaner	0:5:COMMAND,7:12:CommandFeature	начать уборку
SmartFridge	6:9:CommandFeature,23:28:CommandFeature	у нас есть какиенибудь фрукты
CurtainsRelay	0:5:COMMAND,7:11:CommandFeature	закрой шторы если солнечный свет попадает на экран компьютера и рабочий стол
WaterTapRelay	0:5:COMMAND,7:11:CommandFeature	набери ванну
AudioSystem	0:5:COMMAND,15:17:CommandFeature,19:27:CommandFeature	добавь песню в мою коллекцию
Lamp	8:12:CommandFeature,0:6:IntensityQuantifier	слишком темно
CurtainsRelay	0:5:COMMAND,7:11:CommandFeature,26:30:CommandFeature,18:24:IntensityQuantifier,7:11:LOC,13:16:LOC	открой шторы если слишком темно
SmartMicrowave	0:5:COMMAND,7:9:CommandFeature	погрей еду
WindowRelay	0:4:COMMAND,6:9:CommandFeature	помой окна после дождя
AudioSystem	0:5:RequestQuestion,7:17:CommandFeature,19:19:Actor,21:26:Action,28:31:IntensityQuantifier,33:37:IntensityQuantifier	какого исполнителя я слушал чаще всего на этой неделе
AudioSystem	0:6:IntensityQuantifier,8:13:CommandFeature	слишком громко
SmartFeeder	0:6:COMMAND,8:13:CommandFeature	покорми собаку
SmartKettle	5:8:Actor,12:18:DEVICE,20:25:Action	eсли вода в чайнике остыла разогрей
SmartOven	35:40:COMMAND,46:48:CommandFeature	если я завтра приду домой до время сделай мне еды
SmartOven	0:7:COMMAND,9:15:DEVICE,20:24:DeviceParameterValue,37:41:DeviceParameterValue,75:79:DeviceParameterValue,26:33:DeviceFeature	разогрей духовку до число градусов к число часам если меня не будет дома в время выключи
Lamp	40:47:COMMAND,49:52:Devicefeature,56:63:LOC,67:72:DEVICE	каждый раз когда я буду приходить домой включить свет в прихожей и чайник
SmartElectricityMeter	0:4:ParameterValueQuestion,46:49:Action,51:59:Action,61:76:DEVICE,6:15:ParameterFeature,17:30:ParameterFeature,32:32:Duration,34:37:Duration,39:44:Duration	какое количество электроэнергии в этом месяце было затрачено водонагревателем
Humidifier	0:4:LOCCurrent,6:12:IntensityQuantifier	здесь слишком влажно
CurtainsRelay	22:27:COMMAND,14:20:CommandFeature,29:33:CommandFeature	если за окном рассвет открой шторы
WindowRelay	0:9:COMMAND,22:22:Actor,24:27:Action,32:36:LOC	проветрить здесь пока я буду на кухне
SmartCar	0:4:RequestQuestion,6:12:CommandFeature,21:27:DeviceFeature,6:12:Analytics,31:41:Analytics,46:53:Analytics	какой средний расход бензина в зависимости от заправки был за последние полгода
HeatingFloor	0:6:COMMAND,17:23:DeviceFeature,17:23:DeviceFeature	выключи подогрев дорожек
SmartFridge	0:5:COMMAND,7:10:CommandFeature	сделай льда
Lamp	0:8:COMMAND,10:18:CommandFeature,89:93:CommandParameterValue,71:76:Actor,78:80:Action,22:29:LOC	выключить освещение в комнатах в вечернее время после время если в них никого нет больше число минут
HeaterController	0:5:RequestQuestion,7:11:LOC	почему здесь так холодно
CurtainRelay	0:6:COMMAND,8:13:DeviceFeature	подними жалюзи
WindowRelay	0:6:COMMAND,8:11:DeviceFeature	закрыть окно если начался дождь
TemperatureSensor	0:2:Actor,4:10:Action,12:17:DEVICE,19:29:DEVICE,31:35:LOCCurrent,37:41:DeviceState,43:44:DeviceState,46:50:DeviceState	мне кажется датчик температуры здесь вышел из строя
AudioSystem	0:11:COMMAND,13:14:CommandFeature	воспроизведи её
SmartCar	0:6:DeviceQuestion,8:14:CommandFeature,18:23:DEVICE	сколько топлива в машине
SmartOven	18:24:COMMAND,26:32:DEVICE,37:41:DeviceParameterValue,43:50:DeviceParameter	когда я буду дома поставь духовку на число градусов
AudioSystem	13:18:COMMAND,20:28:CommandFeature,30:37:CommandFeature	если я засну включи чтонибудь погромче
Lamp	0:6:COMMAND,8:11:DeviceFeature	выключи свет
Phone	2:3:RequestQuestion,5:7:RequestQuestion,9:9:Actor,11:14:Action,16:22:Action,39:43:CommandParameterValue,27:37:LOC	а на чем я могу доехать до поликлиники число
WaterTapRelay	0:9:COMMAND,47:53:DeviceFeature,23:26:CommandFeature,41:45:DeviceParameterValue	установить температуру воды в бассейне в число градуса и выполнить его очистку от мусора
Lighting	0:6:COMMAND,8:16:CommandFeature	выключи подсветку
SmartElectricityMeter	0:5:COMMAND,7:19:CommandFeature	включи электричество
DoorRelay	0:11:COMMAND,13:22:CommandFeature,24:30:CommandFeature,32:36:CommandFeature	активировать блокировку входной двери если в нее звонит незнакомец а также выслать уведомление с фотографией на мой телефон
HeaterController	0:6:COMMAND,8:19:DEVICE	выключи обогреватель
Lighting	0:5:COMMAND,7:10:DeviceFeature	включи свет
CoffeeMachine	0:7:COMMAND,9:18:DEVICE,45:54:DEVICE,26:30:DeviceParameterValue	включить кофемашину через число минуты после будильника
SmartElectricityMeter	0:6:COMMAND,8:20:CommandFeature,24:29:LOC	выключи электричество в ванной
SmartFridge	2:13:DEVICE,15:22:FeatureState,24:27:CommandFeature	в холодильнике осталось мясо
AudioSystem	0:8:COMMAND,10:13:CommandFeature	переключи трек
SmartFeeder	0:6:ParameterValueQuestion,12:14:Actor,24:25:Action,16:22:Duration,8:10:Analytics	сколько раз кот сегодня ел
WaterSupplySensor	0:5:COMMAND,7:11:CommandFeature,13:19:Quantifier	сделай напор сильнее
AudioSystem	0:7:COMMAND,9:13:DeviceParameter,19:22:DeviceFeature,24:27:DeviceFeature	подбирай песни под ритм бега
MotionSensor	26:29:Action,16:24:Actor,0:1:LOC,3:8:LOC,10:14:LOC	на втором этаже ктонибудь есть
Humidifier	0:10:COMMAND,12:20:CommandFeature,22:28:CommandFeature,30:31:IntensityQuantifier,33:38:IntensityQuantifier,40:44:DeviceParameterValue,46:54:DeviceParameter	поддерживай влажность воздуха не меньше число процентов
HeaterController	0:5:COMMAND,12:22:CommandFeature,43:46:FeatureState,48:51:FeatureState	сообщи если температура в гараже опустится ниже нуля
CurtainsRelay	0:5:COMMAND,7:12:CommandFeature	опусти жалюзи
SmartFeeder	21:27:COMMAND,5:7:CommandFeature,9:13:FeatureState,15:16:FeatureState,18:19:FeatureState	если кот давно не ел покорми его
SmartKettle	6:6:Actor,8:12:Action,14:19:COMMAND,21:23:CommandFeature	когда я приду сделай чай
Humidifier	0:10:COMMAND,12:20:DeviceFeature,35:40:DeviceFeature,42:46:DeviceParameterValue,24:30:LOC	поддерживай влажность в комнате на уровне число
SmartFridge	0:7:COMMAND,9:19:Devicefeature,23:34:DEVICE,54:62:DEVICE,44:48:DeviceParameterValue,73:77:DeviceParameterValue	установи температуру в холодильнике на плюс число а в морозилке на минус число
DoorRelay	0:4:ParameterValueQuestion,6:10:CommandFeature,26:36:Action,12:20:Analytics,22:24:Analytics	когда дверь последний раз открывалась
CurtainsRelay	0:5:COMMAND,7:11:CommandFeature	закрой шторы если слишком светло
SmartFeeder	0:6:COMMAND,8:11:CommandFeature,16:20:CommandParameterValue,22:26:CommandParameter,28:32:CommandParameter	покорми кота на число грамм корма
Quadrocopter	0:5:COMMAND,7:14:CommandFeature,16:16:CommandFeature,18:24:CommandFeature	следуй командам с сервера пока я не скажу возвращаться если сервер будет недоступен возвращайся ко мне или на зарядную станцию
Lamp	0:6:COMMAND,8:15:CommandFeature	выключи лампочки
SmartBreadMaker	0:8:COMMAND,10:13:CommandFeature,17:21:Actor,23:29:Action	приготовь хлеб к моему приходу
MotionSensor	0:8:Actor,10:12:Action,14:17:LOC	ктонибудь был дома сегодня днём
Humidifier	0:4:LOC,6:12:IntensityQuantifier	здесь слишком сухо
DoorRelay	49:53:COMMAND,55:65:CommandFeature,67:67:CommandFeature,69:71:CommandFeature,73:76:CommandFeature,81:83:DEVICE,85:91:DEVICE	если ктото будет звонить в дверь а меня нет дома вышли уведомление с его фото на мой телефон
TemperatureSensor	0:4:ParameterValueQuestion,13:23:DeviceParameter	какая сейчас температура
HeaterController	21:26:COMMAND,28:31:CommandFeature	за час до будильника закрой окно и включи обогреватель
SmartVacuumCleaner	0:4:COMMAND,6:11:CommandFeature,28:28:Actor,30:33:Action	начни уборку после того как я уйду
DoorRelay	0:6:COMMAND,8:14:FeatureState,19:23:CommandFeature	проверь заперта ли дверь
SmartElectricityMeter	0:6:ParameterValueQuestion,8:12:Action,14:18:Action,20:28:Action,33:45:ParameterFeature	сколько нужно будет заплатить за электричество если киловат стоит как в прошлом месяце
Phone	0:6:COMMAND,8:14:CommandFeature,19:24:LOC,28:41:LOC	построй маршрут из москвы в санктпетербург и подсказывай мне дорогу
AudioSystem	0:5:COMMAND,7:10:IntensityQuantifier,12:17:CommandFeature	сделай чуть громче
MotionSensor	0:2:ParameterValueQuestion,4:9:Action	кто пришел
SmartMicrowave	0:7:COMMAND,13:15:CommandFeature,9:11:Actor,19:31:DEVICE,35:39:DeviceParameterValue	разогрей мне еду в микроволновке к время
Quadrocopter	22:25:COMMAND,30:37:CommandFeature,39:45:CommandFeature	если закончится заряд лети на зарядную станцию после подзарядки продолжай
Lamp	0:5:COMMAND,7:14:DeviceFeature	включи лампочки
SmartOven	0:5:COMMAND,7:13:DEVICE,18:22:DeviceParameterValue,33:37:DeviceParameterValue,57:61:DeviceParameterValue,72:76:DeviceParameterValue,39:46:DeviceFeature	включи духовку на число минут на число градусов затем на число минут на число
HeaterController	0:5:COMMAND,7:14:IntensityQuantifier,16:27:DEVICE	сделай потеплее обогреватель
AudioSystem	0:6:COMMAND,8:13:CommandFeature	выключи музыку когда я выйду из квартиры
SmartCar	3:9:DeviceQuestion,11:17:CommandFeature,19:24:FeatureState,26:32:DeviceFeature	на сколько времени хватит топлива
Lighting	0:6:RequestQuestion,8:15:CommandFeature,17:21:FeatureState,23:30:FeatureState	сколько лампочек нужно заменить
Lamp	0:5:COMMAND,7:10:CommandFeature,14:18:DeviceParameterValue	включи свет в время утра
HeatingFloor	0:5:COMMAND,7:14:DeviceFeature,16:22:DeviceFeature	включи подогрев дорожек
CoffeeMachine	0:3:COMMAND,5:8:CommandFeature	вари кофе каждый день когда я просыпаюсь
AudioSystem	13:19:Command,21:22:CommandFeature,24:27:CommandFeature	пусть музыка следует за мной
Lighting	0:5:COMMAND,7:13:IntensityQuantifier	сделай светлее
MotionSensor	0:5:Action,10:14:Actor,18:20:Actor,22:28:LOC,30:36:Duration	входил ли ктото в мою комнату сегодня
SmartVacuumCleaner	0:4:ParameterValueQuestion,11:19:CommandFeature,21:26:CommandFeature	когда была последняя уборка
SmartFeeder	0:4:COMMAND,6:8:CommandFeature	корми пса три раза в день
SmartElectricityMeter	0:6:COMMAND,8:20:DeviceFeature	выключи электричество
Quadrocopter	0:5:COMMAND,7:9:CommandFeature,11:15:LOC	отнеси это домой потом вернись ко мне
Phone	0:6:RequestQuestion,23:28:Actor,16:21:Action,8:14:CommandFeature,40:40:CommandFeature,42:47:CommandFeature,49:54:CommandFeature,33:33:LOC,38:38:LOC	сколько времени займет дорога от а до б с учетом пробок
SmartFridge	25:32:COMMAND,34:44:CommandFeature,49:51:DEVICE,53:59:DEVICE	если было взято спиртное прислать уведомление на мой телефон
Lighting	8:13:CommandFeature,0:6:IntensityQuantifier	слишком светло
SmartElectricityMeter	0:8:Quantifier,10:16:COMMAND,18:30:CommandFeature	полностью выключи электричество
SmartFridge	0:4:ParameterValueQuestion,9:16:Action,18:25:CommandFeature	нужно ли покупать продукты
SmartElectricityMeter	0:6:RequestQuestion,27:31:Actor,16:25:Action,8:14:CommandFeature,8:14:Analytics,16:25:Analytics	сколько энергии потребляют лампы
Quadrocopter	0:4:COMMAND,10:19:CommandFeature	летай над местностью если сработает датчик дыма сообщи
AudioSystem	0:9:COMMAND,13:21:CommandFeature,23:29:CommandFeature	проигрывай в случайном порядке
WaterSupplySensor	0:5:COMMAND,7:10:DeviceFeature	включи воду
HeaterController	0:9:COMMAND,11:21:DeviceParameter,29:35:DeviceParameter,23:27:DeviceParameterValue	установить температуру число градуса в ночное время когда я буду спать
Other		всех честных людей гордо
Other		холдинга всенародного собора и
Other		что весь этот год
Other		как произвести некоммерческое использование и
Other		строительных кооперативах в редакциях многотиражных газет в катакомбных
Other		судить по
Other		монарших передовицах в коммунистических малявах и в
Other		святых для счастья народа и токмо по
Other		через окно договор предусматривал все подробности
Other		рпц
Other		пропали даром гении всех веков и стран
Other		писал он возбуждает желания а
Other		отказался от вина и табаку вино
Other		скажет мне что мои усилия не
Other		музыка и узник попросил вина те
Other		их
Other		и вцспс сокрушивших лютых
Other		и
Other		около шестисот томов в период этого увлечения банкир между
Other		одно
Other		овамо за президентский
Other		за честное имя за коровье вымя
Other		садился писать писал
Other		и дворовых старых и молодых
Other		зевал сердито разговаривал
Other		ныне и присно и
Other		и воле
Other		умоляю вас прикажите выстрелить в
Other		сохраняющего и приумножающего империалистические традиции
Other		пятый год снова послышалась
Other		за тбц за
Other		его флигеля постоянно днем и ночью слышались звуки
Other		за перуна за гвоздь теллуровый за
Other		собою книг он не читал
Other		иногда по ночам он
Other		ворогов и черных вранов всего прогрессивного
Other		и воссоединять воззывать и направлять собраться
Other		церквах в ратных единоборствах в коридорах власти
Other		назло черному переделу
Other		записке в каком
Other		минуты до срока освобождала
Other		музыкальный инструмент читать книги писать письма
Other		коллективах в домах терпимости и
Other		воле божьей по
Other		развертыванием демократических мероприятий
Other		во веки
Other		он плакал во второй половине шестого года
Other		опричника за подвиг матерей героинь
Other		и прочее он мог
Other		не раз как
Other		жадно принялся за эти
Other		ни одной ошибки то
Other		прочим получил от своего узника
Other		покажите их сведущим людям пусть прочтут
Other		внутри нас за
Other		обморачиванием виртуальным колдовством вербальным
Other		советской лженауки
Other		же нет ничего скучнее как пить хорошее вино и
Other		и белому братству для неустанного духовного подвига
Other		терроризмом компьютерной наркоманией либеральной
Other		пить вино и курить табак с
Other		в связи с дальнейшим
Other		бесхребетностью аристократическим национал патриотизмом геополитикой
Other		можно было
Other		андроидов пенсионеров национал большевиков хлеборобов ткачей
Other		через правильных пацанов православного банка
Other		ему два миллиона в первый год заключения юрист насколько
Other		как молча через маленькое окно нарочно устроенное
Other		людей слышать человеческие голоса и получать письма
Other		по его требованию
Other		стрелецких слободах и
Other		условия хотя бы за
Other		внешним миром по условию
Other		белую берёзу под моим окном за пролетарский интернационализм за хер
Other		всем миром и замастырить шмась по святым местам
Other		его коротким запискам сильно страдал
Other		славу кпсс
Other		имеющего полное высокотехнологическое право сокрушать
Other		едва успевал выписывать для него
Other		богословских объявах в
Other		велению мирового империализма по хотению просвещенного сатанизма по
Other		строго одиночным и обязывал
Other		рояля он
Other		смолкла во
Other		и историей он
Other		желания первые враги узника к тому
Other		сноситься не иначе
Other		носящих имена василия буслаева сергия
Other		во всем мире за царство божие
Other		на берегах великой русской
Other		экспертизой по капиталистическим понятиям для истории государства российского
Other		и газеты
Other		интервенции за хлеб и за
Other		серийных убийц работников культуры и
Other		саду из ружья выстрел этот
Other		тайных инсталляций цк
Other		говорят
Other		всех
Other		с коммунизмом православным фундаментализмом
Other		порог флигеля видеть живых
Other		будет лишен права переступать
Other		аще взыщет государев топ менеджер во
Other		и т п во второй год музыка уже
Other		и мелочи делавшие заключение
Other		власти и за надлежащее
Other		которые наблюдали за ним в окошко говорили
Other		веков аминь
Other		и за евро
Other		фашизмом атеизмом глобализмом агностицизмом неофеодализмом бесовским
Other		кортеж за зоологический антисоветизм за
Other		юрия гагарина ненавидящих врагов фальсификаторов русской истории неутомимо борющихся
Other		невинноубиенных за валютные
Other		хазах и упакованных хавирах в
Other		сам с
Other		науки так что банкир
Other		получать по
Other		особых зонах народного доверия
Other		победоносную славу русского воинства в свете
Other		детских учреждениях в съемных
Other		юриста высидеть ровно пятнадцать
Other		две
Other		древо жизни
Other		реки в монашьих кельях и в
Other		починам всенародных нанотехнологий святаго духа
Other		и гулаг
Other		на различных языках но горит во всех
Other		в генных инкубаторах на шконках
Other		отжать отметелить опустить и замочить в сортире
Other		идеалов гуманизма неоглобализма национализма антиамериканизма клерикализма и волюнтаризма
Other		тоннеля за
Other		нужно книги ноты вино
Other		было выписано
Other		с сложной любовной интригой уголовные и
Other		дым отечества за
Other		оглашенных и глухонемых тягловых
Other		лежал на постели часто
Other		от одиночества и скуки из
Other		и то же пламя
Other		легкого содержания романы
Other		душевное с финансовой
Other		за молодожёнов за свет в конце
Other		сферы обслуживания стольничих и
Other		он мог
Other		в кичманах на
Other		соль за шёпот
Other		в его комнате воздух в первый год юристу
Other		море за академиков сахарова и лысенко за
Other		и за яйца за доллары
Other		посылались книги преимущественно
Other		нарушить
Other		родины по умолчанию к буферу обмена знающего
Other		саду банкира условились что
Other		богатырского хайтека в
Other		и за крик за семо и
Other		флигеле и юрист требовал
Other		радонежского и
Other		горению православного патриотизма имея прочный консенсус и упокоение
Other		в продолжение пятнадцати лет он
Other		темное окно за батьку махно во имя
Other		хранение общака наперекор земле
Other		банкира
Other		теорией больших и малых чисел за мир и процветание
Other		за бам камаз
Other		свечку за полный стакан за синий туман за
Other		книги в продолжение четырех лет
Other		в своих записках только классиков в
Other		фантастические рассказы комедии
Other		полярников телохранителей гомосексуалистов политтехнологов врачей антропогенетиков боевиков
Other		молодечество за творчество за иконоборчество
Other		ноября г малейшая попытка со стороны юриста
Other		монофизитством и монофелитством евгеникой ботаникой прикладной математикой
Other		о если бы вы знали какое
Other		угодно количестве но только
Other		г и кончая ю часами
Other		недружественное поглощение как эффективно наехать прогнуть
Other		узник усердно занялся изучением языков философией
Other		тюремщик пишу вам эти строки на шести языках
Other		если они не найдут
Other		день
Other		за тех кто в
Other		нарах и парашах в лагерях нашей необъятной
Other		для этого всё что
Other		он только ел пил и
Other		в отроцех
Other		в скитах и трудовых
Other		за смартфоны седьмого поколения за вертикаль
Other		ему разрешалось иметь
Other		того парня за господа иисуса христа
Other		великого
Other		лет с ти часов ноября
Other		за теплую печку за сальную
Other		на клочки всё написанное слышали
Other		манихейством
Other		никого не видеть а табак портит
Other		от обязанности платить
Other		долго и под утро разрывал
Other		такое письмо дорогой мой
Other		сексуальных постановлениях и в чёрных бюджетах
Other		по постановлению домкома по стахановским
Other		человечества комсомольским бесогоном аффилированной компании
Other		окольничих стриптизёров и стриптизёрш
Lamp	0:7:COMMAND,9:12:CommandFeature,20:20:Actor,22:24:Action,29:35:LOC	выключай свет когда я иду из спальни
TemperatureSensor	0:6:DeviceQuestion,17:18:DeviceParameter,20:24:LOC	сколько градусов на улице
Printer	0:9:COMMAND,11:18:CommandFeature,20:27:CommandFeature	распечатай документ название спустя число часов
SmartVacuumCleaner	0:6:COMMAND,8:10:LOC,27:31:LOC,17:17:Actor,19:22:Action	подмети там пока я буду на кухне
WaterTapRelay	42:47:COMMAND,49:61:CommandFeature,14:20:IntensityQuantifier,22:31:DeviceParameterValue,33:40:DeviceFeature	если на улице гораздо количество градусов включи водоснабжение
TemperatureSensor	0:4:DeviceQuestion,13:23:DeviceFeature,28:32:LOC	какая сейчас температура на улице
SmartKettle	0:8:COMMAND,10:12:CommandFeature	приготовь чай
Lamp	0:7:COMMAND,9:12:CommandFeature,19:19:Actor,21:25:Action,30:36:LOC	выключай свет если я ухожу из комнаты
AudioSystem	0:5:COMMAND,7:18:DEVICE,25:25:Actor,27:31:Action,33:37:LOC	включи аудиосистему если я приду домой
SmartFridge	16:20:COMMAND,22:30:COMMAND,32:34:CommandFeature,6:6:Actor,8:14:Action	когда я вернусь начни охлаждать сок
SmartCar	0:2:Actor,4:11:COMMAND,13:19:COMMAND,24:28:CommandParameterValue,30:40:LOC	мне придется доехать до число поликлиники
DoorWindowStatusSensor	0:4:DeviceQuestion,6:7:DeviceFeature,16:19:LOC,28:34:FeatureState	какие из окон в доме теперь открыты
SmartFridge	0:5:COMMAND,7:11:CommandQuestion,13:18:CommandFeature,22:33:DEVICE	сообщи какие фрукты в холодильнике
TemperatureSensor	0:7:COMMAND,9:19:CommandParameter,32:40:CommandParameter,24:28:CommandParameterValue,45:49:CommandParameterValue	установи температура на число а влажность на число
Lamp	0:7:COMMAND,9:12:CommandFeature,20:20:Actor,22:26:Action,31:37:LOC	выключай свет когда я ухожу из спальни
CurtainsRelay	23:28:COMMAND,15:21:CommandFeature,30:34:CommandFeature,5:6:LOC,8:13:LOC	если за дверью рассвет открой шторы
TemperatureSensor	0:4:COMMAND,6:16:CommandFeature,20:26:LOC,38:42:CommandParameterValue	держи температуру в комнате на уровне число
AudioSystem	0:6:COMMAND,8:12:CommandFeature,20:20:Actor,22:25:Action	отключи песню когда я лягу
TemperatureSensor	0:7:COMMAND,9:11:LOC,15:19:LOC	проветри зал и кухню
SmartKettle	0:5:COMMAND,7:10:CommandFeature,14:16:CommandFeature	сделай кофе и чай
WashingMachine	0:6:COMMAND,8:13:CommandFeature,19:26:DeviceParameterValue	запусти стирку для цветного
CurtainsRelay	23:28:COMMAND,15:21:CommandFeature,30:34:CommandFeature	если за дверью рассвет закрой шторы
SmartKettle	14:19:COMMAND,21:23:CommandFeature,6:6:Actor,8:12:Action	когда я зайду сделай чай
AudioSystem	0:6:COMMAND,8:14:CommandFeature,31:33:CommandFeature	увеличь частоту чтобы не мешал шум
Lamp	0:7:COMMAND,9:12:CommandFeature,18:21:Actor,23:27:Action,32:38:LOC	выключай свет при моем уходе из комнаты
AudioSystem	0:6:COMMAND,8:11:CommandFeature,16:18:DeviceParameterValue,20:25:DeviceFeature	увеличь звук на три пункта
SmartElectricityMeter	0:6:ParameterValueQuestion,25:28:Action,33:45:ParameterFeature,10:16:Duration,18:23:Duration	сколько в прошлом месяце было за электричество
TVSet	0:4:COMMAND,6:9:IntensityQuantifier,11:14:CommandFeature	делай чуть тише
HeaterController	0:5:COMMAND,7:12:CommandFeature,17:20:Quantor,22:29:LOC	сделай теплее во всех комнатах
TVSet	0:5:COMMAND,7:15:CommandFeature,20:29:DEVICE	включи программу по телевизору
Lamp	0:6:COMMAND,8:11:CommandFeature,19:19:Actor,21:26:Action,30:38:LOC	включай свет когда я захожу в гостинную
Lamp	0:3:COMMAND,5:8:CommandFeature,15:18:Actor,20:22:Action,26:32:LOC	гаси свет если меня нет в спальне
SmartElectricityMeter	0:6:ParameterValueQuestion,22:29:Action,34:46:ParameterFeature,10:13:Duration,15:20:Duration	сколько в этом месяце уплачено за электричество
Lamp	0:7:COMMAND,9:12:CommandFeature,20:20:Actor,22:26:Action,31:36:LOC	выключай свет когда я ухожу из комнат
Printer	0:9:COMMAND,11:17:CommandFeature,19:26:CommandFeature	распечатай паспорт название через число часа
Lamp	0:7:COMMAND,9:12:CommandFeature,19:19:Actor,21:26:Action,31:36:LOC	выключай свет если я выхожу из комнат
AudioSystem	0:5:COMMAND,7:12:CommandFeature	включи музыку в 5 вечера
DoorWindowStatusSensor	0:4:DeviceQuestion,9:14:DeviceFeature,18:23:LOC,32:38:FeatureState	какие из дверей в домике сейчас открыты
AudioSystem	0:6:COMMAND,8:12:CommandFeature,20:20:Actor,22:25:Action	выключи песню когда я усну
TemperatureSensor	24:29:COMMAND,31:35:CommandFeature	если станет жарко тогда открой дверь
DoorWindowStatusSensor	0:5:COMMAND,7:9:Quantor,11:15:CommandFeature,19:22:LOC	открой все двери в доме
Lamp	0:7:COMMAND,9:12:CommandFeature,20:20:Actor,22:26:Action,31:38:LOC	выключай свет когда я выйду из спальной
TemperatureSensor	0:7:COMMAND,9:19:DeviceFeature,32:42:DeviceFeature,24:28:DeviceParameterValue,47:51:DeviceParameterValue	установи температуру на число и кислотность на число
AudioSystem	13:19:COMMAND,5:5:Actor,7:11:Action,28:32:DeviceParameterValue	если я засну разбуди меня в число
DoorWindowStatusSensor	24:29:COMMAND,11:15:CommandFeature,31:34:CommandFeature	если будет жарко значит открой окно
Lamp	0:6:COMMAND,8:11:CommandFeature,19:19:Actor,21:30:Action,34:40:LOC	включай свет когда я заглядываю в комнату
MotionSensor	0:7:COMMAND,9:12:CommandFeature,19:19:Actor,21:23:Action,28:33:LOC	выключай свет если я иду из ванной
MotionSensor	0:5:COMMAND,7:9:Action,14:18:Actor,20:23:LOC	сообщи был ли ктото дома сегодня
SmartCar	0:5:COMMAND,7:10:Actor,12:12:LOC,14:21:LOC	довези меня в больницу число
WaterTapRelay	0:0:Actor,2:5:Action,7:13:Action,15:19:CommandFeature	я хочу принять ванну
SmartCar	0:2:Actor,4:11:COMMAND,13:19:COMMAND,24:28:CommandParameterValue,30:37:LOC	мне придется доехать до число больницы
AudioSystem	0:6:COMMAND,28:33:COMMAND,8:15:CommandFeature,17:18:LOC,20:24:LOC,38:38:LOC,40:46:LOC	выключи динамики на кухне и включи их в спальне
TVSet	0:6:COMMAND,8:35:DeviceFeature,37:45:DeviceFeature,47:50:Actor,52:52:Action,54:60:LOC	выключи информационноразвлекательную программу если я прихожу домой
CurtainsRelay	22:27:COMMAND,15:20:CommandFeature,29:33:CommandFeature,6:7:LOC,9:13:LOC	ежели за окном солнце открой шторы
AudioSystem	0:6:COMMAND,8:13:CommandFeature,21:21:Actor,23:32:Action	включай музыку когда я просыпаюсь
WashingMachine	0:6:COMMAND,8:17:DEVICE,19:24:DEVICE	включай стиральную машину по четвергам
WashingMachine	0:6:COMMAND,8:17:DEVICE,19:24:DEVICE	включай стиральную машину в 2305 каждое четное число месяца
DoorWindowStatusSensor	0:5:COMMAND,7:10:CommandFeature,25:29:CommandFeature,17:23:IntensityQuantifier,34:38:LOC	закрой окно если сильный ветер на улице
HumiditySensor	0:6:COMMAND,8:11:DeviceFeature	закрыть окно если начался дождь
CurtainsRelay	21:26:COMMAND,14:19:CommandFeature,28:32:CommandFeature,5:6:LOC,8:12:LOC	если за окном солнце открой шторы
SmartIron	0:5:COMMAND,7:10:DEVICE,12:12:Actor,14:17:Action,19:27:Action,19:27:CommandFeature,29:36:DeviceParameterValue	включи утюг я хочу погладить шелковую блузку
SmartVacuumCleaner	26:29:COMMAND,24:24:Actor,26:29:Action,33:41:LOC	пропылесось сейчас пока я буду в гостинной
AudioSystem	0:5:COMMAND,7:13:CommandFeature,17:19:Actor,21:29:DeviceFeature	добавь мелодию в мою коллекцию
TemperatureSensor	40:45:COMMAND,47:55:DEVICE,5:6:LOC,8:12:LOC,14:19:Quantor,21:30:CommandParameterValue,32:38:CommandParameter	если на улице больше количество градуса включи отопление
SmartCar	0:5:COMMAND,7:10:Actor,15:25:LOC	отвези меня до поликлиники завтра
WaterTapRelay	2:10:Actor,12:18:Action,20:24:Action,20:24:CommandFeature	я собираюсь принять ванну
Lamp	0:5:COMMAND,7:13:LOC	освети комнату
AudioSystem	0:4:COMMAND,6:18:DEVICE,25:25:Actor,27:31:Action,33:37:LOC	ставь стереосистему если я приду домой
Printer	0:9:COMMAND,11:18:CommandFeature,20:27:CommandFeature	распечатай документ название через число секунд
SmartMicrowave	0:7:COMMAND,13:19:CommandFeature,9:11:Actor	разогрей мне завтрак
Lamp	0:7:COMMAND,9:12:CommandFeature,20:24:Actor,26:30:Action,32:33:LOC,35:41:LOC	выключай свет после моего ухода из спальни
Printer	0:6:COMMAND,8:12:CommandFeature,14:21:CommandFeature	отправь бланк название через число секунд
TVSet	0:5:COMMAND,7:15:CommandFeature,22:22:Actor,24:27:Action	запиши программу если я усну
SmartBreadMaker	0:8:COMMAND,10:13:CommandFeature	приготовь хлеб
SmartOven	8:13:COMMAND,15:21:DEVICE,23:26:DEVICE,31:35:LOC,40:49:DeviceParameterValue,51:58:DeviceFeature	в время включи духовой шкаф на кухне на количество градусов
DoorWindowStatusSensor	20:25:COMMAND,11:15:CommandFeature,27:31:CommandFeature	если будет жарко то открой дверь
AudioSystem	0:5:Request,7:11:IntensityQuantifier,13:18:Analytics,20:24:CommandFeature	назови самую частую песню
WaterTapRelay	0:6:COMMAND,8:14:FeatureState,16:21:CommandFeature,25:29:Actor,31:37:Action	наполни горячую ванную к моему приходу
TemperatureSensor	22:27:COMMAND,29:32:CommandFeature	если будет холодно то закрой окно
SmartOven	0:5:COMMAND,7:9:Actor,11:13:CommandFeature	испеки мне еды к время
AudioSystem	0:6:COMMAND,8:13:CommandFeature,21:21:Actor,23:26:Action	отключу музыку когда я усну
TemperatureSensor	0:5:COMMAND,7:15:CommandFeature,30:36:CommandFeature,22:28:IntensityQuantifier	закрой занавески если слишком холодно
SmartElectricityMeter	0:6:COMMAND,8:20:CommandFeature,24:30:LOC	выключи электричество в спальне
Printer	0:9:COMMAND,11:17:CommandFeature,19:26:CommandFeature	распечатай паспорт название через число часа
SmartOven	0:8:COMMAND,10:14:CommandFeature,18:22:Actor,24:30:Action	приготовь булку к моему приходу
SmartCar	0:2:Actor,4:7:COMMAND,9:17:COMMAND,22:26:CommandParameterValue,28:38:LOC	мне надо добраться до число поликлиники
HeatingFloor	36:41:COMMAND,43:50:DeviceFeature,52:55:DeviceFeature,21:22:DeviceParameterValue,14:19:IntensityQuantifier	если на улице меньше 10 температура включи подогрев пола
SmartCar	0:5:COMMAND,7:9:CommandParameterValue,11:16:CommandParameter	проедь 500 метров
Lamp	0:7:COMMAND,9:12:CommandFeature,19:19:Actor,21:25:Action,30:36:LOC	выключай свет если я ухожу из спальни
Lamp	0:6:COMMAND,8:11:CommandFeature,18:18:Actor,20:24:Action,28:34:LOC	включай свет если я зашёл в комнату
DoorWindowStatusSensor	0:7:COMMAND,9:11:LOCCurrent	проветри там
AudioSystem	0:6:COMMAND,8:12:CommandFeature,20:20:Actor,22:26:Action	отключи песню когда я засну
CurtainsRelay	0:7:COMMAND,9:13:CommandFeature,28:32:CommandFeature,20:26:IntensityQuantifier,9:13:LOC,15:18:LOC	откроешь шторы если слишком темно
SmartKettle	6:6:Actor,8:12:Action,14:19:COMMAND,21:23:CommandFeature	когда я приду сделай чай
Lamp	0:6:COMMAND,8:11:CommandFeature,19:19:Actor,21:26:Action,30:37:LOC	включай свет когда я захожу в гостиную
SmartCar	0:2:Actor,4:7:COMMAND,9:16:COMMAND,21:25:CommandParameterValue,27:34:LOC	мне надо проехать до число больницы
Lamp	0:6:COMMAND,8:11:CommandFeature,19:19:Actor,21:25:Action,29:35:LOC	включай свет опять я зашёл в спальню
WaterTapRelay	29:34:COMMAND,14:17:Actor,4:12:Action,36:45:CommandFeature,47:50:CommandFeature,22:27:LOC	при появлении кота на газоне включи распыление воды 3 раза за раз
DoorWindowStatusSensor	0:7:COMMAND,9:11:Quantor,13:19:LOC	проветри все комнаты
WindowRelay	0:9:COMMAND,23:23:Actor,25:28:Action,33:37:LOC	проветрите сейчас пока я буду на кухне
AudioSystem	0:6:COMMAND,8:14:CommandFeature,31:33:CommandFeature	увеличь частоту чтобы не мешал шум
SmartElectricityMeter	0:7:COMMAND,9:21:CommandFeature,25:31:LOC	выключай электричество в комнате
TemperatureSensor	39:44:COMMAND,46:61:DEVICE,27:37:CommandParameter,21:25:CommandParameterValue,5:6:LOC,8:12:LOC	если на улице больше число температура включи электроотопление
Lamp	0:7:COMMAND,9:12:CommandFeature,19:19:Actor,21:26:Action,31:36:LOC	выключай свет если я выхожу из комнат
SmartOven	0:8:COMMAND,10:13:CommandFeature,17:22:Actor	приготовь мясо к нашему ужину
CurtainsRelay	0:6:COMMAND,8:12:CommandFeature,27:32:CommandFeature,19:25:IntensityQuantifier,8:12:LOC,14:17:LOC	прикрой шторы если слишком светло
CoffeeMachine	0:5:COMMAND,7:10:СommandFeature,14:18:Actor,20:26:Aсtion	сделай кофе к моему приходу
Lamp	0:7:COMMAND,9:12:CommandFeature,20:20:Actor,22:27:Action,32:39:LOC	выключай свет когда я выхожу из спальной
Lighting	0:7:COMMAND,9:17:CommandFeature,31:35:CommandFeature,24:29:IntensityQuantifier	откроешь занавески если совсем темно
TemperatureSensor	0:10:COMMAND,12:22:DeviceFeature,33:38:DeviceFeature,24:28:LOCCurrent,40:44:DeviceParameterValue	поддерживай температуру здесь на уровне число
FloorLite	0:5:COMMAND,7:15:CommandFeature	включи подсветку к 7 вечера
WindowRelay	19:24:COMMAND,11:17:CommandFeature,26:29:CommandFeature	если будет холодно закрой окно
SmartFeeder	20:26:COMMAND	кот давненько не ел покорми его
Lamp	0:6:COMMAND,8:11:CommandFeature,19:19:Actor,21:26:Action,30:36:LOC	включай свет когда я захожу в спальню
MotionSensor	0:8:Actor,10:12:Action,14:17:LOC	ктонибудь был дома сегодня днем
SmartOven	0:8:COMMAND,26:30:CommandFeature,10:12:Actor	приготовь мне какиенибудь овощи
SmartFeeder	0:4:COMMAND	корми пса три раза в день
Lamp	0:7:COMMAND,9:12:CommandFeature	приглуши свет или включи расслабляющую музыку
CurtainsRelay	0:5:COMMAND,7:11:CommandFeature	закрой шторы в 9 вечера
WindowRelay	22:27:COMMAND,11:17:CommandFeature,29:32:CommandFeature	если будет холодно то закрой окно
WaterTapRelay	0:4:COMMAND,6:10:CommandFeature,14:19:CommandFeature	помой ягоды и огурцы
SmartVacuumCleaner	0:12:COMMAND,14:18:LOCCurrent,27:27:Actor,29:32:Action,37:41:LOC	пропылесосить здесь покуда я буду на кухне
SmartFeeder	0:2:Actor,4:10:Action,12:14:CommandFeature,16:22:IntensityQuantifier,30:32:FeatureState	мне кажется кот слишком много ест
WaterTapRelay	0:8:Quantifier,10:17:COMMAND,19:22:CommandFeature	полностью перекрой воду
AudioSystem	0:6:COMMAND,8:16:CommandFeature,18:19:FeatureStateValue,21:21:FeatureStateValue,23:28:FeatureStateValue	увеличь громкость на 4 пункта
SmartFridge	0:2:ParameterValueQuestion,7:10:CommandFeature,12:19:FeatureState	что из пищи осталось
WashingMachine	0:7:COMMAND,12:13:DeviceParameterValue,15:22:DeviceParameter	постирай на 90 градусах
WashingMachine	9:17:CommandState,19:24:CommandFeature	доложи о соcтоянии одежды
AudioSystem	0:4:COMMAND,10:14:CommandFeature,16:19:IntensityQuantifier	ставь эту песню чаще
SmartElectricityMeter	0:7:COMMAND,9:12:CommandFeature,20:20:Actor,22:26:Action,31:37:LOC	выключай свет когда я выйду из комнаты
AudioSystem	0:6:COMMAND,8:13:CommandFeature,20:20:Actor,22:25:Action	отключи музыку если я лягу
Lamp	0:6:COMMAND,8:11:CommandFeature,19:19:Actor,21:27:Action,29:33:LOC	включай свет когда я прихожу домой
Printer	0:6:COMMAND,8:15:CommandFeature	заполни документ
SmartMicrowave	0:6:ParameterValueQuestion,8:11:ParameterValue,13:17:FeatureState,19:21:CommandFeature,25:37:DEVICE	сколько дней стоит суп в микроволновке
WindowRelay	0:7:COMMAND,9:13:LOCCurrent,20:20:Actor,22:25:Action,29:34:LOC	проветри здесь пока я буду в ванной
TemperatureSensor	0:4:ParameterValueQuestion,14:19:CommandFeature	какая сегодня погода
AudioSystem	0:7:COMMAND,9:13:CommandFeature,21:29:CommandFeature	добавляй песню в мою коллекцию
TemperatureSensor	22:27:COMMAND,14:20:CommandFeature,29:37:CommandFeature	если на улице холодно включи отопление
Lamp	0:6:COMMAND,8:11:CommandFeature,19:19:Actor,21:26:Action,30:37:LOC	включай свет когда я захожу в гостиную
HeaterController	22:27:COMMAND,14:20:CommandFeature,29:35:DeviceFeature,8:12:LOC	если на улице холодно включи батарею
SmartFridge	6:13:CommandFeature,27:31:CommandFeature	у нас найдутся какиенибудь овощи
TVSet	0:10:COMMAND,35:40:CommandFeature,25:33:Action	подготовить обстановку к просмотру фильма
SmartKettle	16:24:COMMAND,26:28:CommandFeature,6:6:Actor,8:14:Action	когда я вернусь приготовь чай
SmartIron	29:35:COMMAND,5:8:DEVICE,18:24:DeviceState	если утюг всё еще включен то выключи его
Phone	0:5:COMMAND,7:16:CommandFeature,18:30:CommandFeature,35:43:DEVICE,7:16:Analytics,18:30:Analytics	выведи статистику прослушиваний на мобильник
SmartOven	0:4:ParameterValueQuestion,6:10:FeatureState,12:17:FeatureState,19:23:CommandFeature	когда будет готова пицца
WashingMachine	0:6:ParameterValueQuestion,22:22:Actor,24:29:Action	сколько раз за неделю я стирал
SmartIron	0:6:COMMAND,8:11:DEVICE,16:21:DeviceParameterValue	поставь утюг на шерсть
DoorWindowStatusSensor	18:24:COMMAND,5:7:CommandFeature,13:16:FeatureState	если кот уже поел выпусти его
Printer	0:9:COMMAND,11:18:CommandFeature	распечатай документ через 5 минут
CurtainsRelay	21:26:COMMAND,28:36:CommandFeature,8:12:LOC	если за окном солнце открой занавески
Printer	0:9:COMMAND,11:18:CommandFeature	распечатай документ спустя 2 часа
CoffeeMachine	14:19:COMMAND,6:6:Actor,8:12:Action,21:24:CommandFeature	когда я зайду сделай кофе
SmartOven	0:6:COMMAND,8:11:Actor	покорми меня
WaterTapRelay	0:5:COMMAND,7:15:CommandFeature,7:15:Quantifier	сделай погорячее
TVSet	0:5:COMMAND,7:15:DEVICE	включи телевизор
AudioSystem	0:8:COMMAND,10:18:CommandFeature	увеличьте громкость чтобы не мешал стук
TemperatureSensor	0:2:ParameterValueQuestion,4:8:LOCCurrent,10:12:IntensityQuantifier,14:18:CommandFeature	что здесь так душно
SmartElectricityMeter	0:6:COMMAND,8:20:CommandFeature,24:30:LOC	включай электричество в комнате
Lamp	0:5:COMMAND,7:10:CommandFeature	ослабь свет и включи успокаивающую музыку
CoffeeMachine	12:19:COMMAND,33:36:LOC,21:29:DEVICE	каждый день проверяй кофеварку в доме
WaterTapRelay	0:5:COMMAND,7:12:CommandFeature	набери ванную
WaterTapRelay	0:0:Actor,2:8:Action,10:16:Action,18:23:CommandFeature	я пытаюсь принять ванную
WaterTapRelay	0:5:COMMAND,7:10:CommandFeature	включи воду
SmartKettle	14:19:COMMAND,21:23:CommandFeature,6:6:Actor,8:12:Action	когда я зайду завари чай
CurtainsRelay	21:26:COMMAND,28:32:CommandFeature,8:12:LOC	если за окном солнце открой шторы
SmartCar	0:4:ParameterValueQuestion,17:31:CommandFeature,33:38:CommandFeature	когда следуюущий технологический осмотр
Printer	0:5:COMMAND,7:11:CommandFeature,13:20:CommandFeature	сделай копию паспорта
WaterTapRelay	0:5:COMMAND,7:10:CommandFeature,14:18:CommandFeature,22:27:Actor,29:35:Action	набери воду в ванну к нашему приходу
WindowRelay	0:7:COMMAND,9:11:LOC	проветри там
SmartOven	0:4:COMMAND,6:12:CommandFeature	подай печенье на зватрак
CoffeeMachine	0:7:COMMAND,9:12:CommandFeature	подогрей кофе завтра к полуночи
SmartElectricityMeter	0:6:COMMAND,8:20:CommandFeature,24:29:LOC	выключи электричество в ванной
Lamp	0:5:COMMAND,7:19:CommandFeature,23:29:LOC	включи электричество в спальне
WindowRelay	18:23:COMMAND,12:16:CommandFeature,25:28:CommandFeature	ежели будет жарко закрой окно
AudioSystem	0:7:COMMAND,9:16:CommandFeature,24:24:Actor,26:30:Action	прочитай передачи тогда я засну
SmartFeeder	23:29:COMMAND,5:9:CommandFeature,11:15:FeatureState,17:18:FeatureState,20:21:FeatureState	если песик давно не ел покорми его
MotionSensor	0:5:COMMAND,7:16:CommandFeature,24:24:Actor,26:28:Action,30:34:LOC	снимай парктроник когда я иду домой
Lamp	0:7:COMMAND,9:12:CommandFeature,19:19:Actor,21:26:Action,31:37:LOC	выключай свет если я выхожу из спальни
TemperatureSensor	0:2:LOCCurrent,4:10:IntensityQuantifier,12:20:CommandFeature	тут слишком прохладно
DoorWindowStatusSensor	22:27:COMMAND,16:20:CommandFeature,29:33:CommandFeature	если становится жарко закрой дверь
SmartOven	0:6:ParameterValueQuestion,13:17:CommandFeature,19:21:CommandFeature,25:31:DEVICE	сколько дней стоит суп в духовке
TemperatureSensor	11:17:CommandFeature	как сейчас холодно
TemperatureSensor	22:28:COMMAND,30:40:DEVICE,14:17:LOC,5:8:Actor,10:12:Action	если меня нет дома не включай кондиционер
Lamp	0:7:COMMAND,9:12:CommandFeature,20:20:Actor,22:24:Action,29:35:LOC	выключай свет когда я иду из санузла
Humidifier	0:7:COMMAND,9:17:DeviceParameter,22:22:DeviceParameterValue	установи влажность на 8 и температуру на 23
HeaterController	11:16:IntensityQuantifier,18:24:CommandFeature	разумеется совсем холодно
SmartElectricityMeter	0:6:ParameterValueQuestion,30:42:CommandFeature	сколько в этом месяце было за электричество
WaterTapRelay	0:5:COMMAND,7:11:CommandFeature,13:19:Quantifier	сделай напор сильнее
HeaterController	10:15:COMMAND,17:28:DEVICE,32:37:LOC,42:43:DeviceParameterValue,45:51:DeviceParameter	в 8 часов включи обогреватель в ванной на 23 градуса
SmartFridge	0:6:ParameterValueQuestion,13:20:CommandFeature,22:26:CommandFeature,30:41:DEVICE	сколько дней хранится салат в холодильнике
CurtainsRelay	0:5:COMMAND,27:31:CommandFeature,19:25:IntensityQuantifier	открой жалюзи если слишком темно
Lamp	0:7:COMMAND,9:12:CommandFeature,20:23:Actor,25:27:Action,29:29:LOC	выключай свет когда меня нет в комнате
HeaterController	10:15:COMMAND,33:37:LOC,17:28:DEVICE	в 5 часов включи обогреватель на кухне
WaterTapRelay	0:6:COMMAND,8:17:CommandFeature,21:29:LOC	отключи водопровод в гостинной
CurtainsRelay	0:4:ParameterValueQuestion,20:28:CommandFeature,30:34:CommandFeature	когда последний раз открывали шторы
WindowStatusSensor	0:7:COMMAND,9:15:LOC	проветри спальню ко сну
MotionSensor	0:9:COMMAND,17:24:CommandFeature,26:30:LOC,32:35:LOC,37:41:FeatureState,43:50:IntensityQuantifier	предупреди когда грузовик сзади меня будет вплотную
SmartToaster	0:5:COMMAND,7:10:CommandFeature	сделай тост
MotionSensor	0:4:Actor,6:12:Action,14:17:LOC	ктото остался дома сегодня днем
MotionSensor	0:2:ParameterValueQuestion,14:19:CommandFeature,4:7:Action	кто брал твою машину
TemperatureSensor	5:10:COMMAND,12:23:DEVICE,27:33:LOC	днем включи обогреватель в спальне
TemperatureSensor	8:15:ParameterValueQuestion,20:24:LOC	сколько градусов на улице
HeaterController	0:9:COMMAND,11:21:DeviceParameter,26:27:DeviceParameterValue,29:35:DeviceParameterValue	установить температуру на 23 градуса
SmartElectricityMeter	0:6:ParameterValueQuestion,20:20:Actor,22:29:Action	сколько в этом году я заплатил за свет
AudioSystem	20:27:COMMAND,29:33:COMMAND,35:38:CommandFeature,42:47:Action	если будет дождь то сообщить взять зонт с уходом
SmartVacuumCleaner	0:10:COMMAND,12:16:LOCCurrent,23:23:Actor,25:28:Action,32:38:LOC	пропылесось здесь пока я буду в комнате
SmartVacuumCleaner	22:24:COMMAND,26:28:CommandFeature,14:17:LOC,5:8:Actor,10:12:Action	если меня нет дома не мой пол
AudioSystem	0:7:COMMAND,9:16:CommandFeature,23:23:Actor,25:29:Action	прочитай передачи если я засну
SmartVacuumCleaner	0:6:COMMAND,8:12:LOCCurrent,19:19:Actor,21:24:Action,29:33:LOC	подмети здесь пока я буду на кухне
TVSet	0:5:COMMAND,7:14:CommandFeature,21:21:Actor,23:26:Action	запиши передачи если я усну
SmartFridge	0:4:ParameterValueQuestion,12:15:CommandFeature,17:21:CommandFeature	какие у нас есть орехи
FloorLite	0:7:COMMAND,9:12:CommandFeature,17:21:LOC	подсвети путь на кухню
CurtainsRelay	0:7:COMMAND,9:17:CommandFeature,32:36:CommandFeature,24:30:IntensityQuantifier	откроешь занавески если слишком темно
SmartBreadMaker	0:8:COMMAND,10:13:CommandFeature,17:21:Actor,23:29:Action	приготовь хлеб к моему приходу
WindowRelay	0:9:COMMAND,11:15:LOCCurrent,22:22:Actor,24:27:Action,31:37:LOC	проветрите здесь пока я буду в комнате
SmartFridge	0:4:ParameterValueQuestion,9:16:Action,18:25:CommandFeature	нужно ли покупать продукты
CurtainsRelay	23:28:COMMAND,30:34:CommandFeature,12:16:LOC	допустим за окном небо закрой шторы
TemperatureSensor	11:13:IntensityQuantifier,15:19:CommandFeature,0:2:Actor	мне сейчас так жарко
WaterTapRelay	0:10:DeviceFeature,12:15:DeviceFeature	температура воды
AudioSystem	0:2:DeviceFeature,4:10:DeviceFeature,12:17:DeviceFeature	мой любимый альбом
SmartElectricityMeter	0:5:DeviceFeature,7:19:DeviceFeature	расход электричества
Humidifier	0:8:DeviceFeature	влажность
SmartOven	0:7:DeviceState,12:18:DEVICE	включена ли духовка
AudioSystem	0:4:DeviceFeature,6:10:DeviceFeature	текст песни
TVSet	0:4:DeviceFeature	пульт
SmartIron	0:6:DeviceState,11:14:DEVICE	включен ли утюг
AudioSystem	0:2:DeviceFeature,4:10:DeviceFeature,12:16:DeviceFeature	мои любимые песни
WaterSupplySensor	0:5:DeviceFeature,7:10:DeviceFeature	расход воды
SmartFridge	0:7:DeviceFeature,9:12:DeviceFeature	свежесть супа
CoffeeMachine	0:9:DeviceFeature,11:14:DeviceFeature	количество кофе
SmartElectricityMeter	0:16:DeviceFeature,21:29:DeviceFeature,31:35:DeviceFeature	энергопотребление за последнее время
Quadrocopter	15:27:DEVICE,8:13:DeviceFeature	уровень заряда квадрокоптера
MotionSensor	0:9:DeviceFeature,13:16:LOC	активность в доме
TemperatureSensor	0:4:DeviceFeature,6:15:DeviceFeature	карта температур
SmartCar	0:6:DeviceFeature,8:18:DeviceFeature,20:25:DeviceFeature	прошлый технический осмотр
AlarmClock	0:4:DeviceFeature	время
SmartVacuumCleaner	0:3:DeviceFeature,5:11:DeviceFeature,13:18:DeviceFeature	дата прошлой уборки
Lamp	0:5:COMMAND,7:10:DeviceFeature	ослабь свет и включи успокаивающую песню
Lamp	0:7:COMMAND,9:12:CommandFeature	выключай свет если я ухожу из прихожей
CurtainsRelay		если за окном солнце закрой занавески
HeaterController	0:6:COMMAND,8:12:CommandFeature	закрыть дверь если холодно
MotionSensor	0:9:COMMAND	предупреди если автомобиль сзади меня придется очень вплотную
TemperatureSensor	0:4:ParameterValueQuestion,13:23:DeviceParameter	какая сейчас температура
Lamp	21:27:COMMAND,29:33:DEVICE	eсли на улице светло выключи лампу
CoffeeMachine	14:19:COMMAND,21:24:CommandFeature	когда я поеду сделай кофе
WindowRelay	19:24:COMMAND,26:29:DeviceFeature	если будет холодно закрой окно
WaterSupplySensor	0:5:COMMAND,7:10:DeviceFeature	включи воду
AlarmClock	0:4:COMMAND,18:26:DEVICE,31:35:DeviceParameterValue	ставь каждый день будильник на время
AudioSystem	0:5:Request,7:17:DeviceFeature,35:39:DeviceFeature,19:23:IntensityQuantifier,25:33:Analytics	назови исполнителя самой частотной песни
Lamp	0:4:COMMAND,18:24:DeviceFeature,29:33:CommandParameterValue	меняй каждый день фонарик на время
SmartFridge	0:6:Request,8:14:FeatureState,16:18:CommandFeature,22:33:LOC	проверь наличие еды в холодильнике
SmartBreadMaker	0:5:COMMAND,7:13:CommandFeature	включи готовку в 8 вечера
DoorWindowStatusSensor	0:4:DeviceQuestion,9:12:DeviceFeature,16:23:LOC,32:38:FeatureState	какие из окон в квартире сейчас открыты
SmartKettle	27:34:COMMAND,5:8:CommandFeature,12:18:DEVICE,20:25:FeatureState	eсли вода в чайнике остыла разогрей
SmartFeeder	0:4:COMMAND,6:9:CommandFeature	корми кота шесть раз в день
SmartOven	0:4:CommandQuestion,6:10:FeatureState,12:17:FeatureState,19:21:CommandFeature,25:31:DEVICE	когда будет готова еда в духовке
AudioSystem	0:5:COMMAND,7:12:IntensityQuantifier	сделай громче
Phone	0:2:RequestQuestion,4:10:Action,15:22:LOC	как доехать до больницы
SmartOven	0:4:CommandQuestion,19:23:CommandFeature,6:10:FeatureState,12:17:FeatureState,27:33:DEVICE	когда будет готова пицца в духовке
SmartBreadMaker	0:8:COMMAND,10:13:CommandFeature	приготовь хлеб к нашему ужину
CurtainsRelay	0:7:COMMAND,9:14:DeviceFeature	откроешь жалюзи если слишком темно
CurtainsRelay		если за окном рассвет открой занавески
SmartFeeder	0:4:COMMAND,6:8:CommandFeature	корми пса четыре раза в день
WaterTapRelay	0:6:COMMAND,8:17:CommandFeature,21:27:LOC	выключи водопровод в комнате
WindowRelay	16:23:COMMAND,2:8:LOCCurrent,2:8:LOC	в комнате душно проветри
TVSet	0:2:DeviceQuestion,4:8:DeviceFeature,13:22:DEVICE	где пульт от телевизора
AlarmClock	0:6:COMMAND,21:29:DEVICE,34:38:DeviceParameterValue	поменяй каждый вечер будильник на время
AlarmClock	0:4:COMMAND,17:25:DEVICE,30:34:DeviceParameter	ставь каждый раз будильник на время
WindowRelay		если будет жарко то закрой окно
SmartBreadMaker	0:8:COMMAND,10:13:CommandFeature	приготовь хлеб к нашему возвращению
AudioSystem	0:4:IntensityQuantifier	очень тихо
AudioSystem	0:7:COMMAND,9:13:CommandFeature	пропусти песню
TVSet	0:5:COMMAND,7:14:Devicefeature,21:21:Actor,23:27:Action	запиши передачу если я засну
HumiditySensor	0:7:COMMAND,9:19:Devicefeature,32:40:Devicefeature,24:28:DeviceParameterValue,45:49:DeviceParameterValue	установи температуру на число а влажность на число
CoffeeMachine	0:6:RequestQuestion,13:20:Analytics,8:11:DeviceFeature	сколько кофе осталось
WashingMachine	0:6:COMMAND,21:26:CommandFeature	поставь в расписание стирку на 6 утра
TemperatureSensor	0:4:CommandQuestion,14:24:DeviceParameterValue	какая сегодня температура
Lamp	0:7:COMMAND,9:12:DeviceFeature	выключай свет вдруг я выйду из комнаты
WindowRelay	23:28:COMMAND,30:33:DeviceFeature	если станет холодно то открой окно
AudioSystem	0:6:COMMAND,8:15:CommandFeature,20:24:LOC,30:36:LOC	выключи динамики на кухне и в спальне
Lamp	0:6:COMMAND,8:11:DeviceFeature,15:20:LOC	выключи свет в ванной
SmartElectricityMeter	0:4:RAnalytics,32:35:CommandFeature,18:18:Actor,20:27:Action,8:11:Duration,13:16:Duration	почем в этом году я заплатил за свет
WindowRelay	0:5:COMMAND,7:10:DeviceFeature,15:19:LOC,24:25:CommandParameterValue,27:34:CommandParameter	открой окно на кухне на 30 градусов
Lamp	0:6:COMMAND,8:13:DeviceFeature	включай солнце когда я захожу в комнату
AudioSystem	0:5:COMMAND,7:19:DEVICE	включи стереосистему если я приду домой
CurtainsRelay	0:4:RequestQuestion,20:27:FeatureState,29:37:DeviceFeature,6:14:Analytics,16:18:Analytics	когда последний раз опускали занавески
HeaterController	0:6:COMMAND,8:16:DeviceFeature,20:26:LOC	включай отопление в спальне
TemperatureSensor	0:5:COMMAND,7:14:IntensityQuantifier	сделай потеплее
CurtainsRelay	0:7:COMMAND,9:14:DeviceFeature	откроешь жалюзи если слишком темно
SmartOven	0:6:RequestQuestion,20:22:CommandFeature,8:12:Analytics,14:18:Analytics,26:32:LOC	сколько часов стоит суп в духовке
HeaterController	22:27:COMMAND,29:40:DEVICE	eсли на улице холодно включи обогреватель
TemperatureSensor	0:10:COMMAND,12:22:DeviceFeature,37:42:DeviceFeature,44:48:DeviceParameterValue,26:32:LOC	поддерживай температуру в комнате на уровне число
AudioSystem	0:7:COMMAND,9:13:DeviceParameter,17:19:DeviceFeature,21:29:DeviceFeature	добавить песню в мою коллекцию
Lamp	0:3:COMMAND,5:8:CommandFeature,12:18:LOC	гаси свет в комнате
AudioSystem	0:6:COMMAND,8:11:CommandFeature,16:18:DeviceParameterValue,20:25:DeviceFeature	увеличь звук на три пункта
AudioSystem	0:6:COMMAND,8:16:DeviceParameterValue	увеличь громкость чтобы не мешал стук
Lamp	0:3:COMMAND,5:8:DeviceFeature	гаси свет в спальне если никого нет
HumiditySensor	0:10:COMMAND,12:20:CommandFeature,24:30:LOC,24:30:LOCCurrent,42:43:DeviceParameterValue	поддерживай влажность в комнате на уровне 60
Lamp	0:6:COMMAND,8:11:DeviceFeature	выключи свет
SmartVacuumCleaner	0:10:COMMAND,12:16:LOCCurrent	пропылесось здесь пока я буду на кухне
WindowRelay	20:25:COMMAND,27:30:CommandFeature	если на улице жарко открой окно
AudioSystem	0:6:COMMAND,8:12:CommandFeature,19:19:Actor,21:24:Action	отключи песню если я лягу
TemperatureSensor	0:4:IntensityQuantifier	очень жарко
WindowRelay	23:28:COMMAND,30:33:CommandFeature	если станет холодно то закрой окно
MotionSensor	0:6:Analytics,8:13:DEVICE,15:22:DEVICE,27:33:Duration	проверь датчик движения за сегодня
AudioSystem	0:5:COMMAND,7:18:DEVICE	включи аудиосистему когда я приду домой
SmartFridge	0:6:RequestQuestion,19:23:CommandFeature,13:17:FeatureState,27:38:LOC	сколько дней стоит салат в холодильнике
SmartFridge	0:6:RequestQuestion,8:11:CommandFeature,13:20:Analytics	сколько мяса осталось
TVSet	0:6:COMMAND,8:35:DeviceFeature	включай информационноразвлекательную когда я приду домой
HeaterController	22:27:COMMAND,0:4:LOC,6:12:IntensityQuantifier	здесь слишком холодно сделай потеплее
SmartFeeder	0:6:COMMAND,8:11:CommandFeature,13:18:IntensityQuantifier,20:24:DeviceFeature	насыпай коту меньше корма
SmartVacuumCleaner	0:10:COMMAND,12:16:LOCCurrent	пропылесось здесь пока я буду в ванной
DoorWindowStatusSensor	0:4:RequestQuestion,6:10:DeviceFeature,14:17:LOC,19:25:FeatureState	какие двери в доме открыты
SmartIron	5:12:COMMAND,0:3:DEVICE,27:32:DeviceParameterValue	утюг разогрей буду гладить нейлон
HeaterController	0:6:COMMAND,8:16:DeviceFeature,20:26:LOC	включай отопление в комнате
WashingMachine	0:6:RequestQuestion,26:31:CommandFeature,8:10:Analytics,15:19:Analytics,21:24:Analytics	сколько раз за месяц была стирка
CoffeeMachine	0:6:Request,8:16:Request,18:26:DEVICE	проверь состояние кофеварки
DoorWindowStatusSensor	0:6:COMMAND,8:12:DeviceFeature,16:19:LOC	проверь двери в доме
HumiditySensor	45:50:COMMAND,52:62:DEVICE,13:21:DeviceFeature,25:31:LOC,25:31:LOCCurrent,40:40:DeviceParameterValue,33:38:IntensityQuantifier	eсли уровень влажности в комнате меньше n то включи увлажнитель
AudioSystem	0:6:COMMAND,8:19:DEVICE	выключи аудиосистему когда я возвращаюсь домой
Lamp	3:9:DeviceQuestion,11:17:FeatureState,19:24:DeviceFeature	на сколько хватает заряда
Lamp	0:7:COMMAND,9:12:Devicefeature	выключай свет каждый раз когда я ухожу из гостиной
AudioSystem	0:6:COMMAND,28:34:COMMAND,8:15:DeviceFeature,20:24:LOC,38:44:LOC	выключи динамики на кухне и отключи в спальне
TemperatureSensor	0:6:ParameterValueQuestion,15:22:DeviceFeature,27:31:LOC	сколько сейчас градусов на улице
WashingMachine	41:47:COMMAND,2:8:DEVICE,19:23:CommandFeature,49:54:CommandFeature,33:37:CommandParameter,10:17:CommandParameterValue	в машинке шелковое белье подбери режим и запусти стирку
Lamp	0:6:COMMAND,8:11:DeviceFeature	включай свет когда я захожу в ванную
HumiditySensor	0:5:COMMAND,7:12:DEVICE,14:22:DEVICE	включи датчик влажности когда я приду домой
Lamp	0:6:COMMAND,8:11:DeviceFeature	выключи свет
MotionSensor	0:6:COMMAND,8:13:LOC,15:18:LOC	проверь второй этаж
TVSet	0:6:COMMAND,8:15:DeviceFeature,22:22:Actor,24:27:Action	запомни передачу если я лягу
AudioSystem	0:6:COMMAND,8:19:DEVICE	включай аудиосистему если я возвращаюсь домой
HeaterController	0:5:COMMAND	сделай похолоднее
AudioSystem	0:6:IntensityQuantifier	слишком громко